transcript_id	gene_symbol	log2FoldChange	padj
ENST00000328933.9	SYNGR1	-5.44971233343666	1.2984070065879e-197
ENST00000396425.7	SEPT3	-4.34445020035159	1.38613580557907e-191
ENST00000407418.7	CBX6	-1.91107694294968	3.33868563830195e-131
ENST00000333039.2	NPTXR	-3.26400647488188	3.03095273074958e-105
ENST00000255882.10	PI4KA	-2.32237418235649	1.98205874397843e-96
ENST00000262795.5	SHANK3	-4.07804763987837	3.84219085794151e-96
ENST00000329492.5	MAPK8IP2	-5.7667403903729	3.26023605271452e-79
ENST00000341184.6	MGAT3	-4.05960810246796	1.3791377151873e-75
ENST00000216133.9	CBX7	-4.22126557190662	1.9292461247474e-74
ENST00000216181.9	MYH9	1.68631704736796	1.15144231913043e-73
ENST00000248975.5	YWHAH	-2.68352906694846	5.06539333019354e-67
ENST00000615612.1	GNAZ	-3.71475026354231	1.89018136145249e-66
ENST00000310624.6	NEFH	-3.79381063916745	5.06766428947097e-65
ENST00000401609.5	RPL3	1.7108949225133	1.164637122099e-62
ENST00000215909.9	LGALS1	2.41590060556206	2.11240721479397e-57
ENST00000405409.6	RBFOX2	-1.15219831404601	6.88024289567739e-49
ENST00000253413.9	ATP6V1E1	-1.50319539664208	7.06462212013888e-49
ENST00000216254.8	ACO2	-1.2570972394179	3.38404633575531e-47
ENST00000438934.5	DGCR5	-4.50072865160704	9.87755150155622e-40
ENST00000461286.4	RFPL1S	-5.72399099538155	1.47865113271579e-37
ENST00000331821.7	RANBP1	2.56927590163812	1.71277770201752e-30
ENST00000216146.8	RPL3	1.56368510906403	1.51657912228902e-29
ENST00000396680.2	ATF4	1.23158721904044	5.53372574119439e-29
ENST00000390323.2	IGLC2	13.4749727892537	2.16006505974357e-28
ENST00000455784.6	SEPT5	-3.47227376730878	2.78328584607718e-28
ENST00000417718.6	PVALB	-2.99182031258989	9.28960159932669e-26
ENST00000008876.7	MAPK8IP2	-5.24008326221984	7.73173869019933e-25
ENST00000380817.7	SBF1	-1.18232925543284	4.26294791084933e-24
ENST00000215832.10	MAPK1	-0.890397068143569	1.25790160166783e-20
ENST00000358763.6	SYN3	-4.46171759462183	2.83409288679988e-19
ENST00000390325.2	IGLC3	11.1445162937119	3.05664747230058e-19
ENST00000352645.4	ZC3H7B	-0.902228730068595	4.10105888285091e-18
ENST00000215727.9	SERPIND1	3.83755405022414	6.62697885481792e-18
ENST00000266085.6	TIMP3	0.980899893734959	2.22269890588284e-17
ENST00000249075.3	LIF	4.97561382918959	2.95355615089771e-17
ENST00000454349.6	TNRC6B	-10.9061025058872	3.10330252276445e-17
ENST00000330884.8	SULT4A1	-10.8216851496879	3.47833385514138e-17
ENST00000400299.6	SELM	-2.86466864972044	3.64612342213425e-17
ENST00000216122.8	MCM5	2.75360086892049	3.86385876101787e-17
ENST00000409652.4	APOL6	1.6601579911234	2.41639595376571e-16
ENST00000215912.9	PIK3IP1	-2.42231100303294	2.73932386933682e-16
ENST00000441493.6	MICAL3	-1.67696989726146	1.76311364937254e-15
ENST00000404898.5	CACNA1I	-7.24171053672924	2.44452744290402e-15
ENST00000358295.9	FAM19A5	-4.09585684855688	3.27096537994498e-15
ENST00000306149.11	CSDC2	-5.64098613232734	4.44407314458159e-15
ENST00000303592.3	KCNJ4	-5.83074518885995	2.10668903250377e-14
ENST00000216129.6	TTLL12	1.47493992803478	3.55241999246804e-14
ENST00000348911.10	SBF1	-1.38660173312115	4.10187113062e-14
ENST00000249071.10	RAC2	3.21998599602995	4.7489641427743e-14
ENST00000398741.5	PRAME	9.61925087674993	6.62668888375522e-14
ENST00000390312.2	IGLV2-14	9.48961722187907	7.88288101731283e-14
ENST00000611155.4	XBP1	10.1181146737846	1.59365698908299e-13
ENST00000215904.6	PDXP	-2.48063946380918	4.25511782267348e-13
ENST00000454366.1	GTSE1	5.84122288688206	4.25511782267348e-13
ENST00000400358.8	SGSM1	-9.45342421504732	6.88303104541678e-13
ENST00000354694.11	PES1	1.36217202191196	7.96753829917096e-13
ENST00000396426.7	SEPT3	-9.75139764345814	9.01914743931968e-13
ENST00000263201.5	CDC45	9.07114016053929	9.43401209793259e-13
ENST00000361204.8	SREBF2	-0.827540372698929	1.22338910557486e-12
ENST00000216127.4	RASD2	-2.68004241863646	1.54268054245594e-12
ENST00000543184.5	PRAME	9.4043215251313	3.64730318841522e-12
ENST00000493076.5	MCM5	3.72732845998112	5.2773743876935e-12
ENST00000216268.5	ZBED4	1.58227080389254	7.23328562670075e-12
ENST00000498385.1	MIF	1.92347659312551	8.76486083953791e-12
ENST00000406548.5	EWSR1	1.56820801395096	1.86331995301226e-11
ENST00000417669.6	MPPED1	-8.57038324732434	2.48888332585946e-11
ENST00000623111.1	RP5-1039K5.19	-1.13536632255161	2.8878485930932e-11
ENST00000327451.10	SLC25A18	-4.82200333870391	3.46463647485355e-11
ENST00000403251.1	PDXP	-1.45777415150769	3.46463647485355e-11
ENST00000618236.1	CLDN5	-8.61370206427126	5.59093777009482e-11
ENST00000327492.3	TOB2	-1.09528476816488	5.59093777009482e-11
ENST00000216037.10	XBP1	1.9651524795228	7.96365974248118e-11
ENST00000262738.7	CELSR1	8.34249632764096	1.69094931029876e-10
ENST00000562756.1	RP5-1119A7.17	-8.43469150009379	1.88898078849929e-10
ENST00000215906.5	ASPHD2	-2.49240909416988	2.20869166422799e-10
ENST00000316027.10	TUBA8	-8.57329087536153	2.32031402939353e-10
ENST00000361441.4	APOBEC3C	4.08859692325933	5.50095543184249e-10
ENST00000402918.6	ELFN2	-9.19477000930484	6.36183538594399e-10
ENST00000627127.1	PCAT14	7.92763796482112	7.6762248353806e-10
ENST00000396832.5	CSNK1E	-8.63566089243132	1.44282523614154e-09
ENST00000488038.5	KIAA0930	-3.10284276297516	1.47096380310114e-09
ENST00000397477.2	CPSF1P1	-2.94107452072301	2.37365858410296e-09
ENST00000330651.10	MAPK11	-2.00368525218431	3.00707916199138e-09
ENST00000397394.6	LARGE	-1.96126079753602	3.17370591107971e-09
ENST00000407236.5	PPARA	8.54152955583963	3.65464564405769e-09
ENST00000405655.7	PRAME	8.61985136028514	7.1861809595123e-09
ENST00000337554.7	TSPO	2.29593816526455	7.92655889072023e-09
ENST00000300105.6	CACNG2	-8.04358373372439	8.21900111131345e-09
ENST00000476405.1	XXbac-B461K10.4	-3.37019404156899	1.38349304024452e-08
ENST00000216019.11	DDX17	-0.400699565816272	1.69597056998714e-08
ENST00000455843.5	SEPT5	-4.43035576979936	1.92744702601523e-08
ENST00000402357.5	FAM19A5	-5.88488708660306	2.68065428654616e-08
ENST00000216014.8	KDELR3	6.42485465944924	2.89394629693505e-08
ENST00000447898.5	DUXAP8	4.67903754356958	3.18106076710304e-08
ENST00000427926.5	CLTCL1	7.529479394782	3.21624665290855e-08
ENST00000633438.1	TMEM184B	-7.67721408943776	3.61188105756826e-08
ENST00000621271.4	CLTCL1	-7.6297039648242	3.63641639002047e-08
ENST00000609630.1	DGCR9	-3.5939432761574	3.70120443309752e-08
ENST00000402042.5	MKL1	-7.65043453138142	4.65638940321109e-08
ENST00000414183.6	EWSR1	-8.50220146831065	5.86172279280833e-08
ENST00000216083.6	CBX6	-7.82209894427109	6.16239807401236e-08
ENST00000381176.4	KIAA1644	-0.827869988501329	6.16239807401236e-08
ENST00000324198.10	ADRBK2	-1.34171729149056	8.33335767131558e-08
ENST00000417327.5	NDUFA6-AS1	-2.58402227469993	1.34336037908635e-07
ENST00000629869.1	PCAT14	7.2739547632859	1.40296267294262e-07
ENST00000461307.5	MICAL3	-1.60839090773371	1.51852201803343e-07
ENST00000413817.7	DENND6B	-2.30111865778044	1.98484669718262e-07
ENST00000426585.5	TPTEP1	2.04756712063833	2.34596639505755e-07
ENST00000463675.5	NHP2L1	7.54131059576307	2.7151584657119e-07
ENST00000484021.5	PICK1	-2.54187746893576	3.70212116166085e-07
ENST00000347635.8	NUP50	0.687339984482797	4.12460469296433e-07
ENST00000401959.5	NHP2L1	7.50281586032623	6.27405634279186e-07
ENST00000443721.1	MPPED1	-5.4719960826662	6.45668581413205e-07
ENST00000483718.5	DGCR6	-3.35629533479312	7.32823176551857e-07
ENST00000333467.3	APOBEC3B	6.96368453332703	7.86488856890815e-07
ENST00000337304.2	ATF4	1.91320700586486	8.58339675333244e-07
ENST00000248933.10	SEZ6L	-7.38089625915134	8.60099448056667e-07
ENST00000262726.11	EFCAB6	-6.79155626272597	1.04400390650187e-06
ENST00000401994.5	ARVCF	-7.2684523590291	1.11552514467379e-06
ENST00000337566.9	POLR3H	-7.32032271268669	1.11552514467379e-06
ENST00000337843.6	C1QTNF6	4.01307299290802	1.30375062976025e-06
ENST00000437781.5	DUXAP8	6.68153430362556	1.9456716450982e-06
ENST00000216117.8	HMOX1	1.87999768596127	2.0476548186113e-06
ENST00000339468.7	YPEL1	-2.29904155393755	2.15013070919368e-06
ENST00000408983.2	RBFOX2	-7.00578062218694	2.35397347793986e-06
ENST00000489206.1	SYNGR1	-3.30607171894743	2.53436801543683e-06
ENST00000216144.3	CABP7	-3.6984847102599	2.98442483631692e-06
ENST00000539302.5	MYO18B	7.10995542173501	3.24729255503689e-06
ENST00000216241.13	CHADL	-6.86106218915253	4.22268673442462e-06
ENST00000551952.5	BID	6.73668078337028	4.90909920373175e-06
ENST00000333611.8	LIMK2	-6.95524045739337	5.18503532440441e-06
ENST00000483549.5	ATXN10	-7.51200794266323	5.95329255262506e-06
ENST00000467105.1	RPL3	3.44583544047758	6.30350910460484e-06
ENST00000608286.1	LL22NC03-N14H11.1	4.20106236257032	6.61382700660067e-06
ENST00000477256.5	EIF3L	1.27821468046343	7.37032288632247e-06
ENST00000476901.1	TRMU	6.53089054108625	7.64225493318509e-06
ENST00000266263.9	MTFP1	7.11055303965317	1.02964648644873e-05
ENST00000610913.1	SSTR3	-2.06986320910692	1.02964648644873e-05
ENST00000583777.5	TSPO	6.6626610453253	1.03514688258424e-05
ENST00000440005.6	DGCR5	-4.81810858050168	1.03744172335905e-05
ENST00000402752.5	RANBP1	2.36778891653467	1.03744172335905e-05
ENST00000478893.5	PISD	-3.89498718212554	1.09530252844853e-05
ENST00000350028.4	SAMM50	1.11893002731053	1.10958804839818e-05
ENST00000305877.12	BCR	-1.16416011229062	1.17419765919194e-05
ENST00000407997.3	APOBEC3G	6.49694434646817	1.2169863507848e-05
ENST00000413768.5	DUXAP8	4.63581331667245	1.34816060428391e-05
ENST00000333027.7	MTMR3	-1.29124579049721	1.44668414363714e-05
ENST00000216121.11	NIPSNAP1	0.639318723002251	1.72084594603338e-05
ENST00000395842.2	PANX2	-5.23255540487212	1.79746456827908e-05
ENST00000484256.1	XBP1	3.51623399515925	1.84880716506832e-05
ENST00000529632.6	SEZ6L	-4.6987456003783	2.03881180627446e-05
ENST00000215743.7	MMP11	6.50786590364542	2.08412527843533e-05
ENST00000343632.8	GGA1	-2.21923144527334	2.08412527843533e-05
ENST00000381348.4	LINC00634	-6.36338578588398	2.39636580002738e-05
ENST00000416372.5	RTN4R	-3.69385313586781	2.53339305153439e-05
ENST00000216101.6	RASL10A	-6.93115932578877	2.53339305153439e-05
ENST00000405510.5	SUN2	-1.18254372750544	2.53339305153439e-05
ENST00000215980.9	CENPM	5.93320442536318	3.10892318787947e-05
ENST00000344138.8	GRAP2	5.16272323433851	3.61515514933621e-05
ENST00000480246.1	RPL23AP82	-1.88806410688483	3.7815336268775e-05
ENST00000263196.11	DGCR2	-0.863690608241048	4.17090165613827e-05
ENST00000403586.5	SLC7A4	-3.0849569607806	5.58619960842234e-05
ENST00000482294.1	CBX7	-2.78682511120917	6.54507310962099e-05
ENST00000623543.1	AC008079.10	-1.90051104565728	8.8160853292225e-05
ENST00000612482.4	SREBF2	6.89899262020678	9.61642661105319e-05
ENST00000399875.1	CECR6	-2.65647727504516	9.86680156900473e-05
ENST00000465752.1	MIF	7.41917771311877	0.000103446805941965
ENST00000395738.2	ADM2	3.8293508080116	0.000104462253867689
ENST00000405930.3	ZDHHC8	-7.14854336331666	0.000114065017771425
ENST00000468686.5	YDJC	2.4999752133303	0.000129497578893742
ENST00000445682.2	GUSBP11	-1.20629568739777	0.000167132737682269
ENST00000420536.1	RPL3	6.31953293840231	0.000168029817004272
ENST00000381031.7	TTC38	1.25665924412416	0.000176425698382855
ENST00000356998.7	MFNG	3.30774606688978	0.000180171358666803
ENST00000459854.5	UFD1L	1.05825734431158	0.000196006634020806
ENST00000519077.3	TUG1	0.607558144622773	0.000196006634020806
ENST00000407319.6	TRIOBP	6.16218624872743	0.000204091782486184
ENST00000263245.9	ARFGAP3	0.938913272570659	0.000207861504379205
ENST00000357137.8	XPNPEP3	1.36952340075516	0.000208929017754845
ENST00000498133.5	BCL2L13	6.7126686248731	0.000210673554853825
ENST00000342312.9	ADSL	2.01684466795832	0.000233663970427095
ENST00000469719.5	SGSM3	-6.29399835846648	0.000237920389040253
ENST00000463509.1	RBFOX2	-1.80125847597815	0.000246973636579564
ENST00000399163.6	AIFM3	-3.68454563690936	0.000248101107774933
ENST00000435456.6	SLC25A17	1.14188821316919	0.00025293126018234
ENST00000473624.1	CELSR1	6.10974002915059	0.000263165514797675
ENST00000317361.11	BID	-4.20382702363404	0.000295502706901367
ENST00000402458.1	NHP2L1	6.09029827980724	0.000365630845070118
ENST00000418705.2	RANBP1	3.77809738750914	0.000396214802031282
ENST00000615506.4	ST13	0.622482225327637	0.000400369707654611
ENST00000429360.5	MPST	1.62381200263905	0.000417773406698506
ENST00000263256.6	DESI1	-0.594558347219066	0.000428603928986985
ENST00000402126.1	PPARA	-5.98341554951849	0.000448878397328275
ENST00000216190.12	EIF3D	1.33124617228796	0.000451142060238172
ENST00000248923.8	GGT1	6.09300948965904	0.000572792135638901
ENST00000252934.9	ATXN10	-0.877075857600867	0.000659816228724297
ENST00000348295.7	CHEK2	6.49559535249604	0.000679677891804048
ENST00000397771.6	ASCC2	6.16719871808689	0.000684206705795294
ENST00000403662.7	CSF2RB	2.79447460006526	0.000691075896508748
ENST00000330423.7	TUBA8	-4.74759947083448	0.000696700683361097
ENST00000495096.5	ARVCF	-1.3868215705915	0.000721977357352082
ENST00000435822.5	GUCD1	1.71024678861666	0.000726501024188301
ENST00000413119.2	CLDN5	-6.20216613204401	0.00076342114753194
ENST00000439129.5	NDUFA6-AS1	-2.80742926600502	0.000763475575345349
ENST00000266304.8	TEF	-3.81110583603071	0.000769980787348713
ENST00000610372.4	SGSM1	-2.78838696151885	0.000816234530824664
ENST00000216252.3	PHF5A	1.38070045611882	0.000816234530824664
ENST00000360612.4	PIM3	0.758233128566339	0.000816234530824664
ENST00000395876.6	MLC1	-6.54638381147259	0.000816234530824664
ENST00000396884.6	SOX10	-0.726209679858476	0.000880822807761585
ENST00000469669.5	EWSR1	1.04478925303871	0.000943578844945448
ENST00000621082.1	SHISA8	-4.85131496202248	0.0009794367329271
ENST00000302097.3	ZNF280A	5.48764641241459	0.000988746151301691
ENST00000216264.12	CERK	-0.501372279117086	0.000999452744382263
ENST00000403663.6	TRIOBP	1.74167678979749	0.0010527854680528
ENST00000450651.5	PI4KAP2	5.51259911562027	0.00125513329314147
ENST00000470753.1	NDUFA6	2.69853320496429	0.00149393604339251
ENST00000402876.3	PARVB	5.50261984986155	0.00153902659020242
ENST00000331075.9	INPP5J	-4.75742043600534	0.00155463033252
ENST00000480319.5	PI4KAP2	1.09481003701502	0.00166746513654831
ENST00000336156.9	KIAA0930	-0.871184556229726	0.00180364084750287
ENST00000544604.6	ZNRF3	-0.774955001190343	0.00188706049538355
ENST00000400380.5	GGT1	5.672352338118	0.00196712144133791
ENST00000382011.9	MCM5	3.54439667176926	0.00196712144133791
ENST00000405675.7	CSNK1E	1.37895846180284	0.00200786062328043
ENST00000357436.4	SH3BP1	2.11632574475354	0.00207078910205914
ENST00000479606.5	LZTR1	-5.93141056398099	0.00220509524243155
ENST00000350608.7	DDT	1.18773491228247	0.00224453937132774
ENST00000249016.4	MCHR1	-4.29312501185877	0.0024683383875014
ENST00000397278.7	APOL1	4.19847723981917	0.00269169467904782
ENST00000263246.7	PACSIN2	0.981459730529773	0.00269169467904782
ENST00000215829.7	SNRPD3	0.862403593258438	0.00269400379169912
ENST00000624862.3	PRR5	-5.58115387378675	0.00271605170023784
ENST00000608025.2	RP3-402G11.26	-3.50555181055651	0.00284770205304654
ENST00000302326.4	MN1	1.1257289199091	0.002862407994647
ENST00000424407.1	DGCR5	-5.49761876923857	0.00302698166526552
ENST00000396821.7	DDX17	0.217591923098838	0.00326990500942354
ENST00000603308.1	LL22NC03-N64E9.1	4.84037408166946	0.00342755147120407
ENST00000359867.7	CSNK1E	0.848618065248684	0.00362439280826336
ENST00000487669.5	CDC45	5.14248175109691	0.00363250281944668
ENST00000248958.4	SDF2L1	2.05772826162047	0.00407198871924979
ENST00000608842.1	DGCR6	-1.812957019992	0.00413180701852989
ENST00000498418.5	KIAA0930	-6.03937190263773	0.00455131151071242
ENST00000615031.4	SCARF2	2.13797406214548	0.00461068064998843
ENST00000341255.3	LDOC1L	-0.581511478913431	0.00466526298381524
ENST00000464790.1	EIF3L	5.15843294484101	0.00470942357210759
ENST00000357802.6	RRP7BP	-1.1120674007779	0.00510215213723729
ENST00000332585.10	OSBP2	-1.58895062441426	0.00528447377901983
ENST00000382363.7	RNF215	-1.68724936626308	0.00656482026921085
ENST00000311597.9	MLC1	-3.29330451857169	0.00666273566028154
ENST00000403313.5	TXN2	4.88740855953431	0.00719093862637616
ENST00000383045.7	SEPT5	-4.62661968627701	0.00758375549083794
ENST00000402472.2	PANX2	-3.59950474455015	0.00758375549083794
ENST00000399813.1	SLC25A18	-4.26827934854092	0.00837920131731118
ENST00000398242.2	LA16c-60H5.7	4.87678221711854	0.00864059937318803
ENST00000477945.1	SRRD	5.24474680443193	0.008874955590302
ENST00000328879.8	KLHL22	-1.03654141111698	0.00966610634847946
ENST00000618481.4	BCL2L13	-8.21190152521428	0.0101024392178254
ENST00000215754.7	MIF	0.947545143252835	0.0101024392178254
ENST00000402580.7	XRCC6	8.12021263819794	0.0109404503042903
ENST00000216038.5	RTCB	0.531396171155993	0.0111999167445681
ENST00000465861.1	MPPED1	-5.02730816202525	0.0112030844057012
ENST00000423180.2	PNPLA3	3.60866757043417	0.0112401647512169
ENST00000215794.7	USP18	1.7090869601116	0.011261620950782
ENST00000216034.5	TOMM22	0.830523375132529	0.0118542631015927
ENST00000397426.5	FBXO7	1.4069880767021	0.0121068717290308
ENST00000338483.6	MAFF	1.41559042612298	0.0122946828792206
ENST00000621833.4	GUCD1	8.02254075656937	0.0126145097158044
ENST00000406386.7	TRIOBP	1.01821110368775	0.0137042202134656
ENST00000540687.5	TUG1	0.888535657815455	0.0138386470699089
ENST00000471040.5	TRMT2A	2.98772092269116	0.0141596786063794
ENST00000215885.3	PLA2G3	4.26476417496607	0.0142409439550404
ENST00000389262.8	DGCR2	-1.40398819739005	0.0147956389763873
ENST00000391627.6	KIAA0930	7.87394883536703	0.015175042890236
ENST00000402697.5	PRAME	7.91841465222991	0.0153533242084873
ENST00000406902.5	GRAMD4	-7.95451142427412	0.0153533242084873
ENST00000398743.6	PRAME	8.0238009292955	0.0158016190438109
ENST00000405506.2	XRCC6	7.82393909785361	0.0159090778956513
ENST00000320996.14	PITPNB	-4.64953252314942	0.016052906945819
ENST00000469086.5	SUN2	-2.51481976280346	0.0162684608864644
ENST00000604539.1	AC007326.9	-4.4577029541031	0.0163399304615683
ENST00000263116.6	RAB36	-1.19399481471033	0.0166381930677722
ENST00000399744.7	PEX26	-1.10444849900417	0.0172355880803794
ENST00000461241.1	INPP5J	-4.3767599958898	0.0188246683230052
ENST00000331437.3	CECR6	-5.27766360510285	0.0189407701579953
ENST00000263212.9	PPM1F	0.424710954950721	0.0191098276264422
ENST00000420902.1	RP1-29C18.8	3.5933522592776	0.0191098276264422
ENST00000326597.6	GGA1	2.46662225653459	0.0197967901475351
ENST00000249005.2	A4GALT	1.85415865758803	0.0204685697390013
ENST00000442216.1	CSNK1E	2.26694192295163	0.0206860577347229
ENST00000318109.11	DERL3	4.00075979880157	0.0207561285021428
ENST00000477296.5	PI4KAP2	2.89187396462808	0.0207671499625748
ENST00000458605.5	RRP7BP	1.23231851304346	0.0209551909475085
ENST00000266254.11	TTLL1	-1.46800390898405	0.0210066685388121
ENST00000493023.1	C1QTNF6	4.72843071973775	0.0211667773401484
ENST00000608644.1	RP6-109B7.5	-4.88757844849336	0.0211667773401484
ENST00000543133.5	BCL2L13	-7.75183602581154	0.021547216477791
ENST00000412658.5	GGT1	5.38178313668834	0.0220475520764064
ENST00000216194.11	ADSL	2.78725844200115	0.0221076036411542
ENST00000609839.1	AC000095.11	-4.79512695007995	0.0232201851022362
ENST00000461967.1	RPL3	4.2570595740836	0.0232201851022362
ENST00000617531.4	CABIN1	-7.50073208305445	0.0242845750183151
ENST00000419133.5	GGT1	4.54278205275862	0.0242845750183151
ENST00000252134.11	MICAL3	-2.94111971377757	0.0246406186089181
ENST00000482720.1	XBP1	4.55163418444007	0.0249637382129007
ENST00000466781.5	HPS4	0.870162990670227	0.0256236652538503
ENST00000460638.1	EIF3L	1.31230261214374	0.0256236652538503
ENST00000323630.9	MTMR3	-7.62875087594058	0.0271847909455319
ENST00000490741.1	CBX7	-4.42828634947809	0.0284297711831063
ENST00000473458.5	SGSM1	-5.02620233106726	0.0285699227833941
ENST00000407550.3	MTFP1	4.64493242952367	0.0288942110693203
ENST00000263208.5	HIRA	0.601475701653161	0.0291150950365338
ENST00000405198.5	AP1B1	7.36081776298279	0.0291150950365338
ENST00000429300.5	PRODH	-2.6676980381203	0.029502882734623
ENST00000325301.6	MIEF1	0.58934081526363	0.029502882734623
ENST00000496819.1	PPIL2	4.38578191281459	0.0297895580207608
ENST00000452138.3	FBXO7	3.5339549772265	0.0314270098719878
ENST00000215919.3	PATZ1	1.21174225981221	0.0319311398630396
ENST00000343605.4	SLC35E4	-1.25924645897328	0.0330763636375845
ENST00000415762.6	YDJC	2.7357170391751	0.0364008857680224
ENST00000406855.7	DERL3	3.89930263311585	0.0372032147688236
ENST00000360929.7	SEZ6L	-5.40923737873055	0.0372032147688236
ENST00000405219.7	XBP1	3.55849070086874	0.0372032147688236
ENST00000439308.6	TUBGCP6	-0.596496646867956	0.0373443907228687
ENST00000634017.1	PITPNB	-4.74991680088717	0.0373918451590423
ENST00000262722.11	FBLN1	0.949383423416793	0.0380755427884676
ENST00000398831.7	PPIL2	3.67742861951896	0.0389789730165357
ENST00000390331.3	IGLC7	4.34639717733829	0.0389789730165357
ENST00000402979.1	SEZ6L	-7.12485302434408	0.0389789730165357
ENST00000617837.4	SEC14L2	-7.2643129353788	0.0391216159565815
ENST00000330125.9	EIF4ENIF1	-0.856849720653447	0.0392851108642178
ENST00000396398.7	NAGA	1.1332511863868	0.0406905075004769
ENST00000608319.1	CTA-384D8.36	-1.70012788978581	0.0416571049195356
ENST00000490967.5	SELM	-4.40538481351327	0.0421271563785775
ENST00000354336.7	CRKL	0.223798025149542	0.0425103063876662
ENST00000620312.4	ST13	0.643918631721282	0.0439248953621703
ENST00000337989.11	CABIN1	-7.1216223201364	0.0443554279410008
ENST00000402849.5	SNRPD3	7.05952984326796	0.0443919829634433
ENST00000420968.5	ZDHHC8P1	-4.66968897637464	0.0463820820456064
ENST00000460267.1	SEPT3	-3.95728835222472	0.0463923508660631
ENST00000624676.1	MAFF	2.81401001894386	0.0482036431767161
ENST00000406880.1	FAM19A5	4.31139354504388	0.0489990147756252
ENST00000307790.7	ASCC2	0.946728727582824	0.050367892616993
ENST00000331479.3	SMDT1	-1.38714130964234	0.0504274911700953
ENST00000399539.3	DGCR5	-2.73779549228042	0.0520013703189877
ENST00000494535.1	SCARF2	4.28506784362424	0.0520013703189877
ENST00000467812.1	CARD10	4.22079647979451	0.0520013703189877
ENST00000462188.1	PPIL2	2.95711102111795	0.0521960443704782
ENST00000383038.7	DUXAP8	2.82968988053292	0.0525100566117429
ENST00000485631.1	BCL2L13	-3.66188574124272	0.0525100566117429
ENST00000421374.5	SPECC1L	-3.83664107462816	0.0525100566117429
ENST00000405938.5	TFIP11	-7.05764595761507	0.0525100566117429
ENST00000483415.5	EWSR1	2.60356442406248	0.0525100566117429
ENST00000418170.5	HMGXB4	6.83894576701514	0.0525100566117429
ENST00000475850.1	PRR5	3.13606389474983	0.0531640598575112
ENST00000354869.7	RABL2B	-6.90841550345469	0.0533783248510984
ENST00000484615.5	RPL3	2.08660127388882	0.0537251730193815
ENST00000477111.2	ADSL	4.20998872955523	0.0537920125633271
ENST00000496625.1	PRODH	-1.79165617904459	0.0538721488864586
ENST00000414287.5	C22orf34	3.2775522547007	0.0542172554856387
ENST00000263202.14	UFD1L	1.8020045411044	0.0561588018613789
ENST00000360737.4	MIRLET7BHG	-1.07696590275065	0.0570097184613448
ENST00000406644.7	TEF	-4.07107770148644	0.0573960408250369
ENST00000495076.5	MICAL3	-1.71326036561859	0.0597370232027729
ENST00000486003.1	AIFM3	-2.26796937244929	0.0597370232027729
ENST00000402203.5	TNRC6B	-1.25207868031644	0.0597370232027729
ENST00000358502.9	APOL2	-0.582617808527527	0.0607801568272856
ENST00000433183.2	OSBP2	-3.29124588338364	0.0608642730435165
ENST00000435439.5	MIRLET7BHG	-2.51175073672464	0.0622128793392074
ENST00000440946.5	BMS1P22	2.7934616818405	0.063713730217542
ENST00000588424.1	TPTEP1	1.2850522125056	0.0644204924049214
ENST00000263207.7	ARVCF	-2.70421752878682	0.0644204924049214
ENST00000434942.1	RP1-90G24.10	-3.07193852420261	0.0644204924049214
ENST00000622694.4	BID	6.65433146081407	0.0673129785693715
ENST00000342192.8	UBE2L3	0.33896718599115	0.0673129785693715
ENST00000482652.1	XPNPEP3	2.14343797300307	0.0684304669199526
ENST00000612753.4	PPP6R2	-1.55329769819616	0.0688404375562451
ENST00000400249.6	DEPDC5	6.58166623187129	0.0694342834102371
ENST00000477762.5	PES1	4.06530797851743	0.0701625981261803
ENST00000405018.5	SUN2	-1.04624860558365	0.0701625981261803
ENST00000578905.1	MICAL3	-4.11353984678223	0.0733141259288056
ENST00000458623.1	DUXAP8	4.44426215392869	0.0736307619144967
ENST00000458178.2	LL22NC03-86G7.1	0.669572497037702	0.0739433210634757
ENST00000479489.5	TFIP11	3.38813415043444	0.0739433210634757
ENST00000439214.1	SNAP29	3.26062253314357	0.0742792656944413
ENST00000401406.3	UQCR10	1.3443755401064	0.0757603944711115
ENST00000616213.4	MIAT	-9.06912493140693	0.0767097854946564
ENST00000454741.5	TTC28-AS1	-1.14186922195694	0.0767097854946564
ENST00000432404.5	SULT4A1	-4.67189556783031	0.0767097854946564
ENST00000216027.7	HSCB	3.30124308487033	0.0779344931791732
ENST00000610959.4	PI4KAP1	1.84465758801898	0.0784257556274682
ENST00000580469.1	MICAL3	-1.13747907416418	0.0819716046157548
ENST00000432560.6	AP1B1	2.71550345779883	0.0844464441488664
ENST00000441316.1	RP4-756G23.5	-2.66715226437804	0.0863528759220852
ENST00000608713.1	POLR2F	-1.5659594572862	0.0865291305716516
ENST00000417536.5	SH3BP1	-3.5221016695785	0.0870111108852178
ENST00000401395.1	KIAA1671	-1.0980160018053	0.0878446025696025
ENST00000290730.11	DERL3	6.38243152289659	0.0919129958886149
ENST00000609084.1	CRYBB2P1	1.53433443644258	0.0926753537603775
ENST00000588548.1	TPTEP1	2.52386742131337	0.093424752953739
ENST00000470655.5	C1QTNF6	1.24535650049719	0.093424752953739
ENST00000312108.11	CPT1B	2.20013471510799	0.0982852574705201
ENST00000483631.1	HPS4	3.25209721440617	0.0986533529235056
ENST00000252137.10	DGCR14	-1.00835004975805	0.099401024653569
ENST00000398319.6	CABIN1	3.693519500934	0.099401024653569
ENST00000462794.1	EIF3D	3.41880566378856	0.0997416787730931
ENST00000402321.5	GAL3ST1	-6.17625691949094	0.100866642591855
ENST00000452668.1	CHKB-CPT1B	3.32763019329063	0.101118629140676
ENST00000249064.8	CCDC117	0.845961511542477	0.101352221925386
ENST00000361906.7	TMEM184B	-0.466646734786557	0.102320135622623
ENST00000395590.5	RABL2B	-1.11426822458351	0.102389513262744
ENST00000495607.5	DENND6B	-2.12239831555292	0.10252524051068
ENST00000333137.11	SMTN	3.34635747625564	0.103535684308978
ENST00000497036.5	MAPK12	-0.921854781985818	0.105434099179566
ENST00000335539.7	PLA2G6	6.27275403845228	0.105480612575171
ENST00000477189.1	MYH9	2.83065820566881	0.106714197832657
ENST00000462641.1	EIF3D	3.31257601200061	0.107498673229853
ENST00000434517.1	TOP3B	2.44048077812728	0.110644715793992
ENST00000535113.5	FAM227A	1.14168948857584	0.110754266341145
ENST00000613780.4	MIAT	-3.33928316820286	0.111147808886834
ENST00000327858.10	FBLN1	0.996726791282407	0.112898655253046
ENST00000612795.1	CSNK1E	0.820506519447355	0.11364023968542
ENST00000405465.3	DGCR6L	4.02449661225261	0.114241438180262
ENST00000447733.5	TOM1	6.41345279016712	0.114241438180262
ENST00000626627.1	RP4-669P10.20	-2.07155653145381	0.114241438180262
ENST00000216214.7	FAM118A	0.788314279349654	0.114241438180262
ENST00000623387.1	ADSL	4.05116813789421	0.115233280752047
ENST00000400451.6	ZNF74	-5.9660045688981	0.116364624173148
ENST00000399167.6	AIFM3	-6.33456101564738	0.116364624173148
ENST00000452250.5	SFI1	-6.10607350183375	0.1165483640254
ENST00000619918.1	RIMBP3	1.85960502350396	0.117060557736998
ENST00000398822.7	MAPK1	-0.699428490424217	0.117329517463497
ENST00000215882.9	SLC25A1	2.29698536727109	0.117913331988204
ENST00000432883.5	TANGO2	-6.02328787207682	0.117913331988204
ENST00000488504.5	MAPK12	3.18746874518642	0.117913331988204
ENST00000608634.1	TUBA8	-2.46800842475422	0.118156826844712
ENST00000334029.6	PRODH	-3.39532554700039	0.119090956826527
ENST00000482600.5	EIF3L	2.40743523224003	0.119253783656558
ENST00000491545.5	SLC25A17	2.90028756502468	0.119257110136263
ENST00000536101.5	MYO18B	6.10541506322278	0.119779091185442
ENST00000397525.5	EIF4ENIF1	-5.94009968524826	0.122965201763334
ENST00000416905.1	MCM5	5.9502403616894	0.123667528296948
ENST00000477234.1	SBF1	-1.24684981101868	0.123667528296948
ENST00000251993.11	KIAA0930	-3.6272633124485	0.123761517415822
ENST00000492723.1	TOM1	-3.71755196937217	0.124239640734882
ENST00000381535.4	SYNGR1	-5.85064987826707	0.12445611200614
ENST00000336737.8	CECR5	2.18221219926613	0.125370640062022
ENST00000366463.6	FOXRED2	5.91013922566879	0.125553902885139
ENST00000405717.7	SEC14L2	-3.05627772039069	0.130507928684881
ENST00000444995.7	LRP5L	2.87767001085102	0.136626358623049
ENST00000405878.5	XRCC6	0.8504296118719	0.136626358623049
ENST00000609513.1	CRYBB2P1	2.40498339788036	0.136882031414302
ENST00000504184.3	LINC01521	-1.19833638572607	0.139491420365135
ENST00000292778.10	YDJC	1.25677792547529	0.141400879342443
ENST00000343999.1	C22orf34	4.11999630967977	0.142665745671839
ENST00000545681.2	UBE2L3	-5.81754414106286	0.14345630901889
ENST00000584751.1	MICAL3	-2.54307262274782	0.145444243131775
ENST00000611648.2	GAS2L1	-2.22984970124917	0.145781401636973
ENST00000397147.6	NCF4	2.06355986635521	0.146729717721802
ENST00000407422.7	SMARCB1	2.18370850993241	0.147174602514698
ENST00000541492.1	SPECC1L	-0.908705864124285	0.147174602514698
ENST00000266095.9	PISD	5.83826293456103	0.147174602514698
ENST00000609706.1	ANKRD54	2.81268284561111	0.14742849828668
ENST00000446951.1	PPIL2	5.77088355504394	0.147699455200883
ENST00000216223.9	IL2RB	3.1044942147166	0.147699455200883
ENST00000337612.9	BCL2L13	-2.54913309574555	0.148218865903747
ENST00000608610.5	AC006547.13	-2.12918881623076	0.148558098055979
ENST00000455558.2	ADRBK2	-3.07786327923133	0.151942833270762
ENST00000446658.6	OSBP2	-5.69001906184945	0.151942833270762
ENST00000610767.4	KCTD17	-2.44735492256078	0.151942833270762
ENST00000438116.2	RPL4P6	2.41088398661424	0.151942833270762
ENST00000402077.7	KCTD17	-5.86989748909833	0.152612724813484
ENST00000565162.2	LINC01311	1.72473148175036	0.152724162187403
ENST00000462073.5	TBC1D10A	2.00015891286227	0.153569996224835
ENST00000469420.1	CBX6	-1.01854125774573	0.155276937417508
ENST00000381051.6	MIRLET7BHG	-1.37486994820599	0.155575409119139
ENST00000414786.6	SHANK3	-5.59715838889267	0.155575409119139
ENST00000331444.10	DGCR6	-3.17475366455744	0.156266962482659
ENST00000403084.1	CLDN5	-3.06355545777606	0.156266962482659
ENST00000615189.4	SEC14L2	-1.92547032528048	0.156266962482659
ENST00000438058.5	SUN2	-2.86343993557896	0.156266962482659
ENST00000215956.9	NHP2L1	-3.3321845049651	0.156266962482659
ENST00000444502.5	TOP3B	0.827750926752908	0.156625117127899
ENST00000405742.7	TCN2	5.60055404805031	0.156879784786217
ENST00000403532.7	XBP1	5.57947936677491	0.157239807239663
ENST00000450638.5	TCN2	-5.56386715009021	0.157798702582046
ENST00000457270.5	TOP3B	5.63011979342431	0.159092630591489
ENST00000483291.1	SEZ6L	-3.49252405232502	0.159092630591489
ENST00000479135.5	EWSR1	-0.762681337212794	0.159092630591489
ENST00000473770.5	PISD	-2.17390648424725	0.159092630591489
ENST00000431632.5	CSNK1E	3.01938273422733	0.159092630591489
ENST00000215659.12	MAPK12	3.09426265444622	0.159092630591489
ENST00000215730.11	SNAP29	0.430234983072437	0.159846167447906
ENST00000263253.7	EP300	-0.262167800388501	0.162077360049652
ENST00000437713.5	TTC28-AS1	1.89127849979185	0.165946040163613
ENST00000215957.10	MICALL1	0.612878157125226	0.165946040163613
ENST00000626825.1	PCAT14	4.3129248810986	0.166771002944384
ENST00000607933.1	DUXAP8	3.19657120620594	0.168130802599312
ENST00000414985.5	LZTR1	-5.47004213277707	0.168130802599312
ENST00000427034.1	POLR2F	-2.2350991101087	0.171899836960498
ENST00000449653.5	COMT	0.422817526479065	0.172413974946485
ENST00000380981.2	LINC01310	-2.293060033638	0.172413974946485
ENST00000610821.4	LRP5L	1.85931384058425	0.173230367677208
ENST00000455726.5	EWSR1	-5.35029298859297	0.173459074249455
ENST00000609212.1	RP3-508I15.21	3.20904598341659	0.175244482032007
ENST00000413302.6	P2RX6	-1.058790614834	0.176706709327002
ENST00000619710.4	PARVB	5.51484813508085	0.176706709327002
ENST00000442738.6	POLR2F	-1.48805327262499	0.177004029518803
ENST00000466373.1	UFD1L	1.51288721713516	0.178813043394322
ENST00000413665.5	MIAT	-5.33623208177054	0.178813043394322
ENST00000492582.5	CHKB	5.41256306502738	0.178813043394322
ENST00000470701.1	POLR2F	2.05727767803146	0.178976551814584
ENST00000360806.8	PI4KAP2	-1.21245227218515	0.179925611544439
ENST00000382162.7	SFI1	0.855433942727346	0.181023604884176
ENST00000428584.5	TTC28-AS1	-2.88617775627925	0.181395275856812
ENST00000439453.5	HPS4	-5.35990913328231	0.181761576734896
ENST00000354992.6	LARGE	-3.09164327429091	0.182747086634938
ENST00000361684.8	TMEM184B	-7.22414910832206	0.183231878465212
ENST00000457911.1	VWFP1	-2.64172549638805	0.183302582084836
ENST00000357586.6	AP1B1	-4.3113835539201	0.183302582084836
ENST00000452284.1	THAP7-AS1	-2.21687704376101	0.183911698185471
ENST00000444778.1	MCM5	2.08121846549365	0.183975948475727
ENST00000612619.1	IL17RA	-7.17908143559757	0.186238675410983
ENST00000489406.1	UFD1L	2.99672571842721	0.18938692582337
ENST00000455209.5	RP3-449O17.1	1.82078005375601	0.19032969942222
ENST00000493335.5	SMTN	-5.28068452333651	0.191157720413007
ENST00000433728.5	CHEK2	5.30749983693479	0.191370209035751
ENST00000331454.3	TAB1	-5.26084493602284	0.191938425058077
ENST00000485587.1	MPST	0.921561619655985	0.193537522433682
ENST00000489772.5	GGA1	0.7975229639288	0.193537522433682
ENST00000248846.9	TUBGCP6	-3.20701619587109	0.193537522433682
ENST00000216271.9	HDAC10	5.20735848029885	0.196030618144154
ENST00000475941.1	DGCR8	1.18980222500172	0.197475855551011
ENST00000495142.5	LZTR1	1.6343037905008	0.198539479334908
ENST00000401950.6	MTMR3	-0.634997808660568	0.198539479334908
ENST00000623130.1	AC006548.28	1.03683335806255	0.199188801604468
ENST00000420993.6	NCAPH2	0.963506160454774	0.199188801604468
ENST00000333407.10	FAM83F	1.65753087638384	0.199203866583606
ENST00000412649.5	CLTCL1	1.55769928626443	0.199245938919331
ENST00000464362.5	HPS4	1.96247189406479	0.199527941468691
ENST00000382565.5	CHEK2	4.27582017613931	0.20015893715
ENST00000427389.5	JOSD1	5.28455154267605	0.200737014931164
ENST00000480307.1	SUN2	-2.78076250310403	0.201685912075945
ENST00000472497.1	ZDHHC8	-1.32465155029035	0.204487385334773
ENST00000413574.6	CSNK1E	5.17359496789342	0.204633552257764
ENST00000613656.1	MIAT_exon5_3	-5.12056314069493	0.205459566250132
ENST00000340857.3	H1F0	0.269275887575051	0.207462536575173
ENST00000458073.5	GTPBP1	2.86299944697548	0.210193197734049
ENST00000403325.5	GNB1L	1.74431900793946	0.210278575390061
ENST00000446273.1	TNRC6B	-0.530985672716281	0.210278575390061
ENST00000215793.12	SF3A1	0.238761044495373	0.210981254741676
ENST00000485008.1	CABIN1	-1.68892526022236	0.212316948211032
ENST00000332509.7	PLA2G6	-1.91747985245509	0.213041919201721
ENST00000509549.5	C22orf39	5.2520513665625	0.213657682468078
ENST00000465557.1	MCM5	5.04049179863507	0.213657682468078
ENST00000405442.5	EIF3D	2.63786151045482	0.213657682468078
ENST00000609475.1	CTA-390C10.10	-1.204086301343	0.21514334559005
ENST00000618417.1	MKL1	-3.99032068130636	0.21514334559005
ENST00000493216.1	MED15	1.08634896149882	0.216041954977133
ENST00000620406.1	CABIN1	-6.7869681509528	0.216041954977133
ENST00000406772.5	GGA1	1.90618241652741	0.216041954977133
ENST00000216160.10	TAB1	-0.427515809008605	0.216041954977133
ENST00000382111.6	DEPDC5	-6.78358423149165	0.216060615785436
ENST00000466772.5	PI4KA	-2.82216307160503	0.21797596555358
ENST00000469673.1	DRG1	5.19319674444138	0.21797596555358
ENST00000359308.8	XRCC6	-0.845282222188134	0.220162251633912
ENST00000395741.7	PPP6R2	2.83562690682373	0.222580481143164
ENST00000216180.7	PNPLA3	1.81439104210539	0.223580131602792
ENST00000449058.6	TOM1	-2.01068740575634	0.227564814571868
ENST00000406323.3	ZNRF3	4.99799101340703	0.227712614939315
ENST00000482858.5	PRODH	-6.66151453517825	0.227754337062106
ENST00000403707.7	TRMT2A	-6.65810257378044	0.227778455168297
ENST00000417137.5	SMARCB1	-5.06804161580482	0.229698813982313
ENST00000216225.8	RBX1	0.405252150666636	0.230959976634692
ENST00000430524.5	RANBP1	4.99755235533073	0.232883551097306
ENST00000314328.13	SPECC1L	-0.93070511549269	0.232883551097306
ENST00000215790.11	TBC1D10A	0.94513769216187	0.232883551097306
ENST00000382151.6	PISD	-6.59444402155807	0.232883551097306
ENST00000420430.1	YWHAH	-6.59444402155807	0.232883551097306
ENST00000411850.5	TOM1	-4.94449818511824	0.232883551097306
ENST00000619906.4	ADRBK2	-1.00078585314315	0.234578189284733
ENST00000357852.3	SFI1	-4.89535647893772	0.236741009129614
ENST00000623063.3	ADSL	0.972689758409882	0.236741009129614
ENST00000397289.6	APOL3	4.00331034840417	0.237280920868362
ENST00000251973.9	CARD10	3.21374248219653	0.238053376211067
ENST00000487793.5	ARVCF	-5.14959124666079	0.238828485054567
ENST00000620145.4	MIAT	-4.14968947332292	0.239614301025124
ENST00000407148.5	TFIP11	6.49636950880067	0.241027898828978
ENST00000345044.10	SLC2A11	-1.96435192396585	0.241469044782147
ENST00000397872.5	THOC5	6.45264513780361	0.245088006681697
ENST00000455359.5	HMGXB4	4.90748260683626	0.245088006681697
ENST00000441818.5	TRMU	4.84869679896416	0.245088006681697
ENST00000215862.8	MORC2	1.18941953658671	0.245124659520639
ENST00000453516.5	ARFGAP3	4.78306034491567	0.247383619627862
ENST00000414583.6	POM121L9P	-2.78484949639753	0.249010106778573
ENST00000451964.5	CSNK1E	-4.83920377807472	0.249010106778573
ENST00000362512.1	RNU12	-3.74221717136082	0.249010106778573
ENST00000433168.5	ZDHHC8P1	-2.98528427841736	0.24980265348061
ENST00000356099.10	ARHGAP8	4.77696089932312	0.251389525228539
ENST00000495017.5	PRR5	2.77485590485985	0.252288559386597
ENST00000498140.1	UPB1	2.23623631437641	0.253970266653841
ENST00000446942.5	LRRC75B	-1.8826565333228	0.255646505308979
ENST00000463436.1	SFI1	1.38587717091395	0.255692489810043
ENST00000426208.5	TUBA8	-4.73198755317913	0.257150346046317
ENST00000395823.2	HMGB1P10	1.38460016383264	0.257150346046317
ENST00000619735.4	TFIP11	-6.30638210706271	0.259420084811297
ENST00000609229.1	PRODH	-1.23868986459802	0.261897496727982
ENST00000480608.5	DGCR6	-6.27837206132836	0.262302673743389
ENST00000361682.10	COMT	-1.31110248811606	0.262302673743389
ENST00000444947.2	DDT	1.31862775019691	0.262909600109295
ENST00000610940.4	PRODH	-6.25571566618529	0.26384375530358
ENST00000216259.7	PMM1	-0.604796562855353	0.26384375530358
ENST00000460723.5	PISD	-0.678863372172346	0.26471562054498
ENST00000618518.3	GAS2L1	-1.77979143524522	0.266033869413338
ENST00000395676.3	KLHDC7B	2.95808630188204	0.266033869413338
ENST00000467658.1	TNRC6B	-2.46792117263465	0.267543365372926
ENST00000608373.1	AC006946.16	-1.39608428606924	0.271755102926138
ENST00000359139.7	PPP6R2	-6.1821616377893	0.271755102926138
ENST00000624919.1	RP4-671O14.6	0.853349291245987	0.271755949488797
ENST00000609510.1	AP000350.5	0.67242103328111	0.272322158074909
ENST00000437268.6	OSBP2	-6.14870814820557	0.274337948263002
ENST00000400288.6	SFI1	-6.14870814820557	0.274337948263002
ENST00000447976.1	RP1-130H16.18	4.64046012342119	0.275017664037218
ENST00000403888.7	KCTD17	-3.62005540792699	0.275017664037218
ENST00000443632.2	HIC2	2.86110204884808	0.277255488175459
ENST00000335626.8	TCF20	0.492870017300468	0.277630562513269
ENST00000337959.8	PACSIN2	-6.09207363858784	0.280188646928724
ENST00000462238.5	RPL23AP82	-1.01950451160946	0.280747459908845
ENST00000215838.7	TCN2	2.54287433420794	0.282601783554645
ENST00000491982.1	RBFOX2	-1.40090678672913	0.282601783554645
ENST00000474879.6	LMF2	0.493543074433119	0.282601783554645
ENST00000291232.4	TNFRSF13C	1.1675348937639	0.283192911259684
ENST00000430707.2	AP000347.4	3.01651357707676	0.283666261205804
ENST00000255858.11	SEC14L4	1.89937896611302	0.283666261205804
ENST00000406934.5	EIF3L	0.920046496859206	0.286302283423802
ENST00000402142.3	CACNA1I	-6.02462877110285	0.286302283423802
ENST00000476077.1	DERL3	4.55907501442127	0.28751777562754
ENST00000335473.11	MYO18B	5.99985831392501	0.28751777562754
ENST00000266086.5	SLC5A4	1.66412985714756	0.291499053026222
ENST00000355219.3	CECR2	-4.74266611386658	0.292322670506188
ENST00000421867.5	MIAT	-4.56594537787538	0.292395230038028
ENST00000357179.9	TOP3B	1.72910656145904	0.296295956378229
ENST00000493643.3	ATXN10	-0.83770568648248	0.297234524970807
ENST00000407755.1	DGCR8	-5.90315347134312	0.300226548395135
ENST00000357502.5	ZNF74	5.88965882638359	0.300598389921704
ENST00000430142.5	TOP3B	4.70655787079929	0.301329502064556
ENST00000610653.4	GAS2L1	-1.70278235812131	0.301329502064556
ENST00000328823.13	WBP2NL	-2.53985132186859	0.301943059674784
ENST00000404276.5	CHEK2	5.85648817119889	0.303729602965058
ENST00000429411.5	HPS4	-5.84776108964343	0.30497928783891
ENST00000414461.6	RBFOX2	-5.84776108964343	0.30497928783891
ENST00000473946.1	TUBGCP6	0.625113234801763	0.30497928783891
ENST00000343518.10	POTEH	4.50765511519825	0.305100747936423
ENST00000361676.8	NF2	-5.84028029942372	0.305100747936423
ENST00000395778.3	MAPK12	-2.31704343098408	0.306508281746382
ENST00000338754.8	TPST2	0.557417734364209	0.308119740004108
ENST00000216267.12	BRD1	5.80564772445124	0.308119740004108
ENST00000435265.5	RANBP1	4.45340178138557	0.309330797101638
ENST00000216085.11	RHBDD3	1.59779697704618	0.30983204203131
ENST00000485962.5	SGSM3	-5.78780378010774	0.30983204203131
ENST00000623760.1	CTA-280A3.2	1.09057862053819	0.30983204203131
ENST00000404724.7	CDC45	4.42123749088304	0.309900211406235
ENST00000248899.10	NCF4	2.11324781052428	0.309900211406235
ENST00000469212.5	ZDHHC8	2.32047604152926	0.312569787370204
ENST00000331728.8	LIMK2	0.538497636270362	0.312569787370204
ENST00000436452.6	EIF3L	5.7365573914269	0.314063437350269
ENST00000441972.5	PIK3IP1	-2.55755182847093	0.315805089546915
ENST00000490262.1	SREBF2	-1.59951233364176	0.316225997431429
ENST00000435026.5	ATXN10	4.45380096991205	0.32078047965583
ENST00000437808.5	PISD	-2.66688157656578	0.322087043872803
ENST00000399523.5	UFD1L	1.53807181890192	0.324419870943841
ENST00000465606.5	AIFM3	-5.66242222989274	0.324419870943841
ENST00000464202.1	SUN2	4.39619427803723	0.32895217828724
ENST00000424354.5	SREBF2	-5.61762370097759	0.330343217833149
ENST00000262608.12	CECR2	-2.50274691295821	0.331606329111094
ENST00000308521.9	APOBEC3F	4.25592614361793	0.333798742652769
ENST00000403268.1	DUSP18	-0.975600112034512	0.333811828108052
ENST00000381669.7	BAIAP2L2	4.30072119493087	0.333811828108052
ENST00000437398.5	SPECC1L	2.61520510539071	0.333864538885063
ENST00000491021.1	POLDIP3	2.20001091172193	0.333864538885063
ENST00000263112.11	GGT5	-5.53505218086097	0.339478972255513
ENST00000629590.2	SEZ6L	-5.53505218086097	0.339478972255513
ENST00000458594.5	ASCC2	4.24953593499269	0.339478972255513
ENST00000465937.1	LIMK2	2.3066211213228	0.340207073221066
ENST00000592918.5	TPTEP1	4.30062988548211	0.343514639541896
ENST00000611738.4	BCL2L13	-5.49414660834501	0.343514639541896
ENST00000333130.3	MRPL40	0.887928720074586	0.343514639541896
ENST00000455485.5	GUSBP11	-1.58526322119984	0.343514639541896
ENST00000481673.5	CHKB	-0.618911722252958	0.343846539894459
ENST00000407075.3	GRAP2	4.21780144434978	0.346693060026623
ENST00000395650.6	CPT1B	-2.46384601589658	0.346693060026623
ENST00000445980.5	MORC2	4.17041452079639	0.346751380286563
ENST00000473244.5	MED15	1.56029889731143	0.346869387636499
ENST00000618196.4	MKL1	-1.83636309986515	0.346869387636499
ENST00000464189.5	HIRA	2.11944109211235	0.347343837134305
ENST00000538999.1	MAFF	-5.44746711381219	0.347343837134305
ENST00000255784.5	CCDC134	0.648423845417447	0.348402479725877
ENST00000481910.1	HPS4	1.49372961156708	0.349614546582259
ENST00000406208.7	PES1	4.45250449932582	0.349614546582259
ENST00000585038.1	MICAL3	-5.41169019397084	0.350185482769374
ENST00000545799.5	DGCR2	-5.41169019397084	0.350185482769374
ENST00000395621.7	ARSA	-5.41169019397084	0.350185482769374
ENST00000428858.1	TTC28-AS1	-2.00822147219789	0.356150040629497
ENST00000424496.1	RP3-370M22.8	4.10002827865575	0.359007832103072
ENST00000351933.8	PATZ1	0.971052349071029	0.360105224703459
ENST00000462539.1	SREBF2	-0.779010042285333	0.362488792759866
ENST00000489010.1	ZMAT5	1.53607944266567	0.362683668331026
ENST00000613079.4	ELFN2	-1.94959183745085	0.362683668331026
ENST00000252136.11	TRMT2A	1.55620220752238	0.363589387189177
ENST00000216218.7	ST13	-0.313068879954623	0.366336253899997
ENST00000380903.6	SELO	0.572365378299108	0.366336253899997
ENST00000215739.12	LZTR1	0.441307979825423	0.370758942848332
ENST00000343706.8	SEZ6L	-5.25452519857048	0.370758942848332
ENST00000406566.1	SLC35E4	-2.34280284735142	0.370758942848332
ENST00000455125.1	SUN2	-1.40694282932424	0.371316768940011
ENST00000485175.5	TRMU	4.09533095705657	0.371316768940011
ENST00000402338.5	CENPM	4.1795555441769	0.371948112309802
ENST00000403362.5	TBC1D10A	-5.23113126595574	0.372347273540513
ENST00000614167.1	RIBC2	1.749598510566	0.372347273540513
ENST00000434714.5	AIFM3	-3.18042804375897	0.372972058088478
ENST00000473638.5	RPL3	2.00702503462262	0.372972058088478
ENST00000480423.5	SEPT5	4.11033742206262	0.374036715466035
ENST00000337539.11	ADORA2A	-5.20365577566375	0.374036715466035
ENST00000382580.6	CHEK2	4.11033742206262	0.374036715466035
ENST00000535425.5	SCO2	5.19150389931691	0.374036715466035
ENST00000497738.1	MAPK12	5.18501092311828	0.374642072040039
ENST00000417588.5	CHEK2	4.13088003031937	0.374686609049391
ENST00000504717.1	LMF2	4.03730571835199	0.374686609049391
ENST00000473551.5	ARVCF	-0.743915424472139	0.375235259364217
ENST00000263119.9	CABIN1	-0.509873123752365	0.375235259364217
ENST00000266269.9	PATZ1	-0.746272946419091	0.375235259364217
ENST00000486331.1	ZC3H7B	0.552782101612574	0.37728715383244
ENST00000441167.1	XXbac-B476C20.13	-1.31397922416376	0.377795034000592
ENST00000405486.5	RANGAP1	-0.566484906150294	0.377795034000592
ENST00000398941.6	HSCB	4.24022337758383	0.380506398580452
ENST00000498109.1	PPIL2	1.53697922809553	0.380826604296143
ENST00000492561.1	TOMM22	1.38247017150812	0.381289788068246
ENST00000399807.7	TANGO2	3.12125229282741	0.381649657282031
ENST00000529194.5	APOL2	-3.15220904365495	0.381649657282031
ENST00000495826.5	DGCR8	1.44094342100104	0.383812050982091
ENST00000437211.5	RRP7BP	1.11331223586343	0.384287729344261
ENST00000480654.5	PIK3IP1	-2.40508925372093	0.389759099830223
ENST00000610278.1	XXbac-B135H6.18	-1.86890330912413	0.391093304515022
ENST00000609602.1	LINC00896	1.90358906091702	0.392235972207543
ENST00000440238.3	AIFM3	-5.01135486362466	0.392235972207543
ENST00000497716.5	LZTR1	1.55908299167631	0.392235972207543
ENST00000467443.5	PI4KAP2	4.99852618529902	0.392235972207543
ENST00000397789.3	NF2	-5.01135486362466	0.392235972207543
ENST00000426256.6	RNF185	-5.01135486362466	0.392235972207543
ENST00000490473.1	PLA2G6	2.11149798192677	0.392235972207543
ENST00000633056.1	TMEM184B	-0.716247082586413	0.392235972207543
ENST00000494150.1	APOBEC3G	1.87242819986997	0.392235972207543
ENST00000481408.5	SGSM3	-5.02469708386375	0.392235972207543
ENST00000459849.1	FAM118A	2.390163519715	0.392235972207543
ENST00000479003.5	CHKB	5.01505150615009	0.392235972207543
ENST00000403222.7	OSBP2	4.99252094513522	0.39226045873829
ENST00000405854.5	C22orf34	1.80960646612275	0.39226045873829
ENST00000327365.8	GGT5	-2.36059990607652	0.393928373590126
ENST00000460809.5	ARHGAP8	1.11236607207264	0.393928373590126
ENST00000360835.8	SCUBE1	0.952199442156824	0.396202540906552
ENST00000466374.1	PICK1	-1.18103961913705	0.400477622854574
ENST00000216068.8	DNAL4	-0.606262735127908	0.402542092051755
ENST00000443660.5	MRPL40	1.37590227574549	0.4057034271965
ENST00000471515.5	CHKB	-4.90922973095602	0.405803882253082
ENST00000403427.3	CRELD2	-4.90464850544655	0.406106467539518
ENST00000484607.1	FBXO7	-1.54072954975016	0.407106978017765
ENST00000507607.1	LMF2	1.90450965102444	0.407106978017765
ENST00000486675.5	PISD	-1.49319720414842	0.408105629630865
ENST00000496942.5	MAPK12	1.08505865620611	0.408105629630865
ENST00000477112.1	DDX17	0.963608250278178	0.409312607831146
ENST00000396096.6	NUP50	1.38133653481144	0.415983096409366
ENST00000467228.1	SLC25A18	-1.5277721387151	0.417595357173503
ENST00000407585.5	PACSIN2	-2.35426359614368	0.417900698815074
ENST00000043402.7	RTN4R	-1.44656243003904	0.418343434914545
ENST00000592107.5	TPTEP1	1.32616494439659	0.418542320952974
ENST00000498417.5	ANKRD54	1.26045152226575	0.41970482151226
ENST00000394449.6	TBC1D22A	4.77887935546343	0.420281041763592
ENST00000483629.5	EWSR1	4.77569102023411	0.420329014577165
ENST00000405089.5	AIFM3	-4.76815471973797	0.422014435144079
ENST00000463608.5	PI4KAP2	1.9282443950893	0.422014435144079
ENST00000262825.9	CSF2RB	4.75195450672432	0.422014435144079
ENST00000495232.5	CSNK1E	-0.887866985849303	0.422014435144079
ENST00000498366.5	HDAC10	-4.76815471973797	0.422014435144079
ENST00000400593.6	TPTEP1	1.95002705015708	0.430645045824544
ENST00000491892.1	DGCR8	1.13601651156876	0.431305065263658
ENST00000611543.4	ADORA2A	4.6930483128334	0.431305065263658
ENST00000466614.1	PES1	1.03114531022892	0.431305065263658
ENST00000424387.5	TOM1	4.67793453886157	0.433086085847418
ENST00000425203.1	LIMK2	-1.58675225561564	0.435840467975767
ENST00000485037.5	EWSR1	-2.03239376543632	0.436022038638509
ENST00000423737.5	RP11-191L9.4	1.27808613277023	0.436498925514558
ENST00000441876.6	FAM118A	-2.85167117825329	0.439845974317871
ENST00000613247.4	APOL4	-1.31955360283716	0.440962898286954
ENST00000472321.1	LGALS1	1.81915751781238	0.440962898286954
ENST00000451166.5	PRR34-AS1	-1.49884218206945	0.441115290173323
ENST00000624945.1	RP3-394A18.1	-1.30280312837242	0.441513397260751
ENST00000473487.6	RBFOX2	4.60537962064822	0.441513397260751
ENST00000248929.13	SGSM3	-0.255045508386369	0.441513397260751
ENST00000624072.1	CTA-228A9.4	0.643125688477242	0.441588786150612
ENST00000303434.8	TRABD	4.59492914097723	0.442151848473845
ENST00000380909.8	TRABD	1.39254208924112	0.444349816057994
ENST00000487162.1	TYMP	1.29105967436383	0.444349816057994
ENST00000406520.7	COMT	2.90555755360217	0.444630906701908
ENST00000623391.1	LA16c-60D12.1	0.853490516576988	0.445849919774796
ENST00000359369.8	RBFOX2	-2.18179678328314	0.449089988902546
ENST00000418951.6	BCL2L13	-1.58683501264347	0.452541662172446
ENST00000424046.1	MICAL3	-4.52701260200945	0.452541662172446
ENST00000420166.5	HMGXB4	-4.52701260200945	0.452541662172446
ENST00000449924.6	RBFOX2	-4.52701260200945	0.452541662172446
ENST00000457250.5	CPT1B	-4.52701260200945	0.452541662172446
ENST00000486907.1	SLC2A11	-2.83006078292471	0.457175248147893
ENST00000405822.6	CABIN1	4.45782062200189	0.46180616135175
ENST00000477238.1	SEPT5	1.22900195021748	0.466193540620858
ENST00000617763.1	NDUFA6	4.42993147868125	0.466193540620858
ENST00000397279.8	APOL1	2.77264493417873	0.466533079941479
ENST00000395780.5	MAPK12	-1.28093047285569	0.466585469299652
ENST00000436996.1	TTC28-AS1	0.961324594410056	0.468173048399848
ENST00000216237.9	L3MBTL2	-0.241459646297318	0.468173048399848
ENST00000486209.5	PI4KAP2	1.16152594478879	0.468849806912087
ENST00000360091.3	EWSR1	2.66891461743447	0.471610120333443
ENST00000459824.1	CABIN1	-1.57288455007939	0.473121879807828
ENST00000433985.6	IFT27	-0.698908950412547	0.47361377416192
ENST00000439119.5	P2RX6P	-1.66787883155147	0.474987727512038
ENST00000464015.5	YDJC	1.89559256552749	0.475973338313413
ENST00000544786.1	MAPK1	-1.47522354248219	0.480503311755082
ENST00000610387.4	PEX26	-0.350799255321047	0.48282386911045
ENST00000459785.1	GATSL3	-1.3416889040269	0.482859934779049
ENST00000623726.1	RP5-1014D13.2	0.41490632493129	0.482859934779049
ENST00000428462.6	DMC1	1.2162363932461	0.482859934779049
ENST00000613148.4	TYMP	4.3050192230003	0.482859934779049
ENST00000216099.12	APOBEC3D	1.156743510139	0.484523505441888
ENST00000471809.5	IFT27	-0.328966109510878	0.486654951940797
ENST00000399133.2	THAP7	2.76657627920612	0.488038102836008
ENST00000380990.5	LINC00898	-1.22280370657899	0.488871475244547
ENST00000351989.7	DGCR8	2.01614032852078	0.489934892142059
ENST00000347557.6	SMTN	4.23721807325763	0.491692548597144
ENST00000406629.1	MTMR3	4.22411555674078	0.49375116389437
ENST00000395109.6	SEPT5	-1.25589821660965	0.496266241753144
ENST00000399777.1	BCL2L13	1.29504845888294	0.496757120120706
ENST00000404820.7	EMID1	-2.62284763752266	0.496757120120706
ENST00000464449.1	TFIP11	-1.28230051170707	0.496851522716001
ENST00000415332.1	SYNGR1	4.1891875646713	0.497287782463356
ENST00000623978.3	ADSL	4.1891875646713	0.497287782463356
ENST00000404488.7	CRELD2	1.70988125547422	0.498820372809889
ENST00000399568.5	C22orf39	0.539581417370811	0.503382398098654
ENST00000466162.5	PI4KA	4.13026065556821	0.503959203034096
ENST00000439023.3	RP4-539M6.19	4.13026065556821	0.503959203034096
ENST00000331457.8	DRG1	0.167763330949876	0.503959203034096
ENST00000439502.6	PISD	4.13026065556821	0.503959203034096
ENST00000447566.5	SLC25A17	4.13026065556821	0.503959203034096
ENST00000426282.6	NUP50-AS1	-0.381485929450458	0.503959203034096
ENST00000448072.5	HDAC10	4.13696771107116	0.503959203034096
ENST00000412067.1	RP3-508I15.9	-1.15957302460702	0.51013295069435
ENST00000412643.1	RP6-109B7.4	-1.28445260953896	0.51013295069435
ENST00000483837.1	POLR3H	0.968262755769984	0.512586665182025
ENST00000471073.1	THAP7	0.410130226365134	0.512604710198459
ENST00000494113.1	PI4KA	-1.17783319934424	0.516522332135573
ENST00000397871.5	THOC5	2.6703696248926	0.516522332135573
ENST00000462640.1	KCTD17	-0.833399697416197	0.516522332135573
ENST00000381645.7	RP3-449O17.1	1.25481910591887	0.516522332135573
ENST00000334554.11	ZDHHC8	-0.991973355311856	0.517098160928763
ENST00000404755.7	EMID1	-2.49608379782242	0.521925735551168
ENST00000266087.11	FBXO7	-0.520585001721398	0.521925735551168
ENST00000333487.2	RP5-821D11.7	-1.36345400439355	0.522726850777136
ENST00000395595.7	RABL2B	0.588368143241614	0.524512372262782
ENST00000585003.1	CTA-292E10.6	0.989659127763137	0.525022152415639
ENST00000477368.5	PI4KA	-1.04078442146739	0.526309214429033
ENST00000504335.1	SMTN	1.06743226472582	0.526662445853446
ENST00000403710.5	COMT	-0.916725415912112	0.529355873343341
ENST00000482270.5	LIMK2	-1.2251816735176	0.529355873343341
ENST00000313755.9	PRODH	-1.96555844901901	0.532222256120376
ENST00000331505.5	RIMBP3C	2.40753146729147	0.532222256120376
ENST00000361166.8	NF2	1.83576565121252	0.535072835793758
ENST00000426721.2	FBXW4P1	0.795959421452413	0.535540482065547
ENST00000497328.5	LRRC74B	1.29204058487498	0.537057653705407
ENST00000433317.1	TTC28-AS1	-3.48427114997789	0.537057653705407
ENST00000467659.1	DGCR2	1.07400551245317	0.537309786119072
ENST00000477675.1	YPEL1	-1.67597121810279	0.537309786119072
ENST00000566814.1	CTA-445C9.14	-0.476072370094295	0.539127994015898
ENST00000330029.6	UQCR10	-0.214284230320155	0.539127994015898
ENST00000520222.1	CHCHD10	-0.319025179174125	0.539327158146982
ENST00000609632.1	XXbac-B444P24.14	-1.32944775740435	0.53964327830592
ENST00000473357.1	SLC2A11	-0.605985817856177	0.53964327830592
ENST00000487969.1	CRELD2	-0.539867789421154	0.540852355495555
ENST00000399824.6	CCDC157	-1.07118000732431	0.541116866099768
ENST00000356976.7	PICK1	-1.18319554730107	0.543353819779848
ENST00000402064.5	PLA2G6	-1.85146539601468	0.548596522255498
ENST00000355209.8	POLR3H	-2.56618884891998	0.548596522255498
ENST00000395829.1	TRABD	2.50829162896417	0.548596522255498
ENST00000486656.5	MED15	1.60960751780205	0.549855863231351
ENST00000381019.3	TRMU	1.69371603029466	0.551042575084481
ENST00000395744.7	PPP6R2	-1.23121261591156	0.551042575084481
ENST00000493426.1	EWSR1	1.10079495660148	0.551503103098656
ENST00000455425.1	CHADL	-2.58863123357069	0.552317267308625
ENST00000423364.1	KLHL22	-0.795221890630903	0.553142792143606
ENST00000496722.1	UBE2L3	2.36884939557679	0.557379860166647
ENST00000248879.7	DGCR6L	0.290873107694071	0.559490429869435
ENST00000623959.1	RP3-323A16.1	0.645465334683809	0.5622118262177
ENST00000466237.1	ACO2	-0.863696878601551	0.5622118262177
ENST00000290429.10	MCAT	0.52573653529258	0.56280247170084
ENST00000216044.9	GTPBP1	0.203638746435462	0.563390444949629
ENST00000438754.6	SEPT5	-1.39206187275869	0.563496955671558
ENST00000353887.8	NF2	-2.17068781128282	0.564048459619817
ENST00000416202.5	PRR34-AS1	2.20895042717094	0.564094408550671
ENST00000320602.11	ZDHHC8	0.283190059403873	0.565993981971848
ENST00000352397.9	CYB5R3	1.16761358368711	0.567245394617974
ENST00000551731.1	ARSA	-0.633977965972256	0.568479414206482
ENST00000498649.1	LZTR1	-0.887512694868312	0.569362694560726
ENST00000437275.5	ZNF74	2.39439722684735	0.570984625871377
ENST00000491541.1	SREBF2	0.791642722451455	0.571933332319164
ENST00000478887.1	SFI1	-1.05143723622115	0.574611564023029
ENST00000477714.1	FAM118A	-1.08060622101103	0.574611564023029
ENST00000609737.1	LINC00899	-1.1488543516786	0.574611564023029
ENST00000623420.1	CTA-212A2.4	1.12242779554017	0.5752256054854
ENST00000624264.1	CTA-212A2.3	0.556122051905676	0.577181831993835
ENST00000456470.1	KCTD17	-1.68034610117478	0.577181831993835
ENST00000514938.1	LMF2	1.02611319780829	0.577308172267294
ENST00000498325.5	HMGXB4	1.72263661368333	0.579754849690683
ENST00000496729.2	TXNRD2	-1.63882123248603	0.579931388613509
ENST00000496720.1	PLXNB2	-1.57626484148044	0.579931388613509
ENST00000462625.1	LIMK2	1.23056390265389	0.580710724209578
ENST00000624818.1	RP4-695O20.1	1.12037079442194	0.580710724209578
ENST00000426066.1	BMS1P20	-0.4003617924541	0.583275948520847
ENST00000477921.1	C22orf15	-0.829968208153567	0.585348252489838
ENST00000471290.1	RPL3	1.53254701787173	0.585348252489838
ENST00000484220.1	PI4KA	-1.31832757792678	0.587864895470162
ENST00000468564.6	PARVG	0.950741395292527	0.587864895470162
ENST00000424380.1	EIF4HP2	-0.954515386725227	0.594078799557161
ENST00000468770.1	SNRPD3	1.45622497344734	0.595469398410767
ENST00000327423.10	PRR14L	0.0874789146061295	0.596077211045474
ENST00000403999.7	NF2	1.26688772193866	0.596584600335445
ENST00000469163.1	NUP50	1.04339562799821	0.598690170532691
ENST00000441821.5	SYN3	-1.61361928702495	0.603042615426623
ENST00000496342.1	RHBDD3	0.914509475075836	0.603603427124891
ENST00000472291.1	RPS19BP1	-1.0531831210227	0.607416905773651
ENST00000405673.5	FAM118A	0.866258775969346	0.609424916063736
ENST00000422838.1	RANGAP1	-0.636649275155732	0.611067726033142
ENST00000490475.1	TTC28	-2.13592270933278	0.612760921187154
ENST00000629517.1	DGCR12	-0.919615830539936	0.613383209829949
ENST00000602478.1	RNU12	0.794180112209944	0.613383209829949
ENST00000361740.8	CYB5R3	-0.489069064624903	0.613383209829949
ENST00000406938.2	CHKB	1.62755167444677	0.613383209829949
ENST00000426448.1	XXbac-B562F10.11	-0.720379765298023	0.61371177326845
ENST00000460658.5	SMTN	0.682496766528597	0.61825578020526
ENST00000344318.3	ZMAT5	0.388144166344487	0.618910019886615
ENST00000451997.5	SH3BP1	2.21637985692547	0.618910019886615
ENST00000328268.8	CRELD2	1.01429065577145	0.619216046248842
ENST00000404072.7	PICK1	2.13772395014445	0.621414791312923
ENST00000407431.5	TFIP11	1.66322903478696	0.621561382588141
ENST00000336769.9	FAM19A5	-2.96798989718576	0.621561382588141
ENST00000462210.1	PI4KA	-1.20429402878727	0.622501371618556
ENST00000464333.5	SFI1	-1.1542936802175	0.622816658439113
ENST00000473283.1	PPP6R2	1.09626393688783	0.625862396889252
ENST00000471342.1	SF3A1	-1.00017843515491	0.627757065696399
ENST00000333059.5	C22orf39	-0.944652088105538	0.632041781791154
ENST00000396811.6	CBY1	-1.5254357064877	0.632041781791154
ENST00000419253.1	TTC28-AS1	-1.96992676459149	0.633211917031171
ENST00000535622.5	DEPDC5	-3.00442671437207	0.633211917031171
ENST00000623199.1	LA16c-60D12.2	1.03906713139161	0.633744979566599
ENST00000479648.1	TRMU	-1.42680156237478	0.634598573924174
ENST00000493034.1	PIK3IP1	-2.93189097323317	0.63549013184756
ENST00000354451.6	CRYBB2P1	0.78126331819216	0.635501432980603
ENST00000492092.1	SELO	-1.10223643740534	0.635501432980603
ENST00000476310.5	HDAC10	1.95318542005963	0.635501432980603
ENST00000434408.1	TOB2	-1.06215530539537	0.636507862683455
ENST00000395698.7	NCAPH2	0.436328980459577	0.637387199876147
ENST00000489812.1	MICALL1	1.15683095412063	0.638428022665979
ENST00000262735.9	PPARA	-1.02149024406629	0.638428022665979
ENST00000517886.1	CHCHD10	-1.9169612746956	0.638565347189205
ENST00000338641.8	NF2	0.359979844311732	0.638565347189205
ENST00000569149.1	TUG1	2.03159224969107	0.638609454022824
ENST00000469819.5	PICK1	1.89505922154449	0.641143492726769
ENST00000438270.1	CYB5R3	1.56761288269752	0.641161821831806
ENST00000359114.8	NOL12	0.315198873304689	0.643230089493681
ENST00000467279.1	DDX17	0.763777641132288	0.643394458600168
ENST00000436075.1	KRT18P5	0.739933078512433	0.645685767138477
ENST00000336873.9	HPS4	-0.43745397820884	0.645685767138477
ENST00000321753.7	FAM109B	-0.747496511762192	0.645685767138477
ENST00000488442.1	CYP2D6	0.709253095562516	0.645685767138477
ENST00000468249.1	ODF3B	-0.942399901498257	0.645685767138477
ENST00000404532.5	GGT1	1.89439298249638	0.646333007304433
ENST00000418601.1	GTPBP1	-1.49232664511433	0.647648966046422
ENST00000456894.5	SUN2	-1.88618967922075	0.647648966046422
ENST00000471094.1	ACO2	-1.12303736989796	0.647648966046422
ENST00000360079.7	XRCC6	1.36787336759322	0.647648966046422
ENST00000402937.1	NAGA	1.57163412071663	0.647648966046422
ENST00000327555.5	MCAT	-0.659294833690604	0.647648966046422
ENST00000431044.5	SEPT5	-2.85851753085567	0.65630376077485
ENST00000487165.5	TXNRD2	-1.53875694977683	0.65630376077485
ENST00000445422.5	CABIN1	-0.44274727954131	0.65630376077485
ENST00000624215.1	RP4-671O14.7	0.676544476361121	0.65630376077485
ENST00000564152.1	CTA-29F11.1	0.584454120874021	0.65630376077485
ENST00000488270.1	HDAC10	-0.992985123725107	0.65630376077485
ENST00000423069.1	CPT1B	1.32307129493109	0.65790805891199
ENST00000423859.5	RANBP1	-1.35059459318198	0.658116865542554
ENST00000464482.1	ATXN10	0.853403576269261	0.658358833287646
ENST00000615606.4	CLTCL1	1.86240438938141	0.65874818506579
ENST00000459644.1	TRMT2A	-1.80851943462291	0.658964921565987
ENST00000355028.4	BCL2L13	1.98039037966959	0.666725297452325
ENST00000620804.1	RIMBP3B	1.40183977417665	0.669112848147617
ENST00000484558.2	CHCHD10	-1.38810566793804	0.673506482090963
ENST00000402859.6	LRP5L	1.79809080853504	0.673834648003371
ENST00000464116.2	XRCC6	-1.93166332921748	0.673834648003371
ENST00000404989.1	PARVB	1.97144607709846	0.673834648003371
ENST00000255890.8	ZDHHC8P1	-2.61837528033842	0.68082872733555
ENST00000439838.5	RP4-539M6.19	-1.2765797851487	0.685515709348328
ENST00000494610.1	CSNK1E	0.748544377363921	0.685515709348328
ENST00000506039.1	XXbac-B444P24.8	-0.93682927052053	0.688247857947562
ENST00000497196.5	DDX17	-0.951687454946394	0.689603937201362
ENST00000437636.1	RPEP4	-0.975075729343673	0.689922117382089
ENST00000458572.1	EIF3D	0.762575347395111	0.690543772255989
ENST00000422252.1	SMDT1	-0.889542933602146	0.692049794443838
ENST00000383094.7	MICAL3	-1.41427668458267	0.692197799904169
ENST00000249014.4	CDC42EP1	0.1834557800482	0.692717176794397
ENST00000331163.10	PDGFB	-0.275753073650439	0.693395820618455
ENST00000479679.5	TANGO2	1.16933681811599	0.697457147206193
ENST00000398241.3	BCRP2	-0.728754261315304	0.697580395839358
ENST00000215742.8	THAP7	-1.24465222458109	0.699478375607062
ENST00000522048.1	NCAPH2	0.572247815754357	0.699898712127958
ENST00000625194.3	ADSL	1.82854796394329	0.700489532856274
ENST00000406213.1	MIF-AS1	0.651068625286733	0.70293428592837
ENST00000399798.6	ATP6V1E1	-1.35350369862549	0.703787621225944
ENST00000412938.5	AC008132.13	1.11031444415751	0.703787621225944
ENST00000422379.2	HPS4	1.26963406183458	0.703787621225944
ENST00000479978.5	L3MBTL2	0.329466207017806	0.703787621225944
ENST00000405557.5	POLR2F	1.73496967291794	0.705575765770501
ENST00000395693.7	SCO2	0.966973328696049	0.705575765770501
ENST00000492381.5	MED15	0.509178663602382	0.706102240543187
ENST00000495655.2	TXNRD2	0.731679066095743	0.707413629102439
ENST00000396504.6	POLR3H	1.31013663602891	0.714056086966228
ENST00000398042.6	TANGO2	-1.31541970192194	0.719114367576709
ENST00000428707.1	COMT	-0.638552319051233	0.720539851021759
ENST00000215941.8	ANKRD54	-0.221900832889321	0.720539851021759
ENST00000444440.1	SF3A1	-1.65294507974879	0.72334228684391
ENST00000398110.6	TPST2	0.423052456302671	0.724216133223783
ENST00000623789.1	RP3-412A9.17	0.58786754424579	0.724722234378178
ENST00000470922.5	SLC25A1	-1.60765115799621	0.728820227855872
ENST00000613968.1	SRRD	-0.853496786259371	0.728820227855872
ENST00000341976.4	ZNF70	0.223334876780117	0.729651691320847
ENST00000339464.8	WNT7B	0.348250375655777	0.729651691320847
ENST00000404760.5	BRD1	0.16509512558248	0.73014830730311
ENST00000249042.7	TST	1.69140741250722	0.735475483374933
ENST00000389772.8	ARHGAP8	2.33124093979987	0.737737301201903
ENST00000361452.8	NF2	-0.27643662815604	0.73830083518485
ENST00000488602.1	RPS19BP1	0.517176603774251	0.73830083518485
ENST00000323013.6	RRP7A	0.145802260076677	0.73830083518485
ENST00000462361.1	FAM118A	-1.23240610691874	0.73830083518485
ENST00000476790.1	CPT1B	0.542988093445484	0.73830083518485
ENST00000356098.9	ARSA	-0.828638677498376	0.73830083518485
ENST00000248924.10	GCAT	0.315064758354715	0.741413102239528
ENST00000399767.5	BID	-2.32945592043122	0.743034695594444
ENST00000329517.10	GNB1L	0.382289766709147	0.743034695594444
ENST00000622841.1	TST	1.24352344813007	0.743034695594444
ENST00000407332.5	CYB5R3	0.813098292448008	0.743034695594444
ENST00000207636.9	COMT	1.09140942203008	0.743050374947667
ENST00000487968.5	BCR	0.63546250723439	0.743050374947667
ENST00000335727.13	TNRC6B	-0.143662734456197	0.743534738382154
ENST00000395701.7	NCAPH2	0.813718390695334	0.743534738382154
ENST00000428195.5	SEC14L2	-1.07186184757189	0.745442238066633
ENST00000421064.5	KB-1572G7.2	0.741780559371435	0.7466504114453
ENST00000491588.1	MAPK1	-0.240170656908333	0.749173704411692
ENST00000407690.5	TFIP11	-0.867533662482021	0.749173704411692
ENST00000485963.5	PI4KA	-1.20321291550357	0.750009474646898
ENST00000460003.4	RGL4	-1.51421725266201	0.750351026001127
ENST00000460957.1	GGA1	-0.769573833099706	0.752030514068692
ENST00000366216.6	CSNK1E	-0.446406155934754	0.752080374112166
ENST00000420617.1	AC000078.5	-0.601417457730682	0.753169244148165
ENST00000299821.15	NCAPH2	-1.671708872821	0.753470495003624
ENST00000472210.5	MYH9	1.47083686817873	0.754343688640792
ENST00000463818.1	SF3A1	1.49044364202044	0.754700462880195
ENST00000495555.6	IFT27	1.55721094739154	0.754700462880195
ENST00000318753.12	LRRC75B	-0.684435056997967	0.755212351930151
ENST00000216106.5	HMGXB4	0.25300099418637	0.755212351930151
ENST00000216039.9	JOSD1	0.082424100476471	0.755212351930151
ENST00000447351.5	GRAMD4	-1.47971073689967	0.755212351930151
ENST00000325180.12	GGA1	0.731468187326294	0.755318608167553
ENST00000591299.1	TPTEP1	1.0706938348762	0.756385829307105
ENST00000463101.1	SUSD2	0.965113034203655	0.756385829307105
ENST00000471037.1	SF3A1	0.657065844831067	0.756385829307105
ENST00000402631.1	MICALL1	-1.60537096423244	0.756385829307105
ENST00000464807.1	LZTR1	-0.870411714466525	0.756809386077519
ENST00000400248.6	DEPDC5	-1.62169876310812	0.756809386077519
ENST00000422408.2	RP3-508I15.9	0.72321310931661	0.756809386077519
ENST00000361034.7	GRAMD4	0.745256588090914	0.756809386077519
ENST00000476293.1	SBF1	-0.630522224894256	0.756809386077519
ENST00000417788.5	PPIL2	0.716426380925785	0.75998021872648
ENST00000431368.5	OSBP2	1.52753460457481	0.760209146249593
ENST00000470831.1	TRMU	-1.08601862676277	0.760209146249593
ENST00000515426.1	TCF20	-1.01655372046516	0.763956088123634
ENST00000494075.5	RPL23AP82	-1.50000229421589	0.763956088123634
ENST00000469522.1	NHP2L1	1.00581912945356	0.764127094443814
ENST00000330817.10	ALG12	-0.177018452906004	0.764127094443814
ENST00000332035.10	EWSR1	-0.837991636575895	0.766553224088559
ENST00000399782.5	BCL2L13	0.918959696522609	0.767849707576729
ENST00000471452.1	BCR	-0.814747452740697	0.767849707576729
ENST00000351488.7	MTMR3	-1.50352386044776	0.767849707576729
ENST00000413137.6	RHBDD3	-1.08883795904209	0.767982801434461
ENST00000465334.1	LRRC75B	1.01057993956311	0.770200135698645
ENST00000425954.1	PLXNB2	-1.99254295314919	0.770200135698645
ENST00000482818.1	AP1B1	0.370905674172184	0.771145931369719
ENST00000463769.6	MKL1	-0.655160102401834	0.771186549983838
ENST00000474323.5	SAMM50	-0.790071467283287	0.771186549983838
ENST00000434568.5	DGCR14	0.668412047025073	0.771660495729943
ENST00000463233.1	TRABD	0.737936988642549	0.771660495729943
ENST00000493680.5	BCL2L13	0.43992463928013	0.778348702075182
ENST00000489651.5	MED15	0.221992233850968	0.778784971985347
ENST00000490103.5	THOC5	-0.220756071962989	0.779829497392357
ENST00000406385.1	PPIL2	0.369775974878626	0.781615013514636
ENST00000430687.1	CDC42EP1	-0.980642930866819	0.781615013514636
ENST00000610553.1	EWSR1	0.282239019775289	0.781976396041953
ENST00000623328.1	RP1-102K2.9	-0.805647709574943	0.781976396041953
ENST00000413293.1	LL22NC03-80A10.6	0.222870110494937	0.783338646080916
ENST00000498009.5	ATXN10	-1.04472448385071	0.784143895754941
ENST00000493894.1	RHBDD3	0.252225142597499	0.784417815545036
ENST00000332536.9	BAIAP2L2	-1.34350003749513	0.785587440901065
ENST00000216080.5	LMF2	1.41927553061149	0.786652540345965
ENST00000448394.2	RANBP1	1.89267198882996	0.789458151103514
ENST00000215917.11	SRRD	-0.140627143568317	0.789458151103514
ENST00000329620.9	WBP2NL	-0.913033621241566	0.789458151103514
ENST00000436518.5	ZDHHC8	1.28357428928389	0.789480307076607
ENST00000476678.1	ZNF74	0.358419436183979	0.789480307076607
ENST00000332468.5	RNF215	-0.27523064206889	0.789480307076607
ENST00000487704.5	RTCB	0.665891727531105	0.789480307076607
ENST00000314567.7	CDPF1	1.90259520967089	0.789480307076607
ENST00000470434.1	SBF1	-0.761850466552571	0.789480307076607
ENST00000461117.1	CPT1B	-0.685119343219481	0.789480307076607
ENST00000403363.5	NAGA	1.9334815769836	0.790768051529894
ENST00000495351.1	DGCR8	0.914896640363072	0.790821167209503
ENST00000465385.5	MMP11	0.886855582839298	0.790821167209503
ENST00000398145.6	HPS4	0.314547424475704	0.790821167209503
ENST00000477814.5	HDAC10	1.22321468575786	0.790821167209503
ENST00000438146.6	RBFOX2	-0.26440245811366	0.792481508694355
ENST00000495101.5	EIF4ENIF1	-0.775332105432731	0.793751862231836
ENST00000423980.1	FOXRED2	-0.461848683390353	0.794043991272883
ENST00000498611.5	TUBGCP6	-0.248748317816286	0.794307354629927
ENST00000468532.5	CHKB	-1.28213435484719	0.794307354629927
ENST00000487732.5	FAM118A	1.18520295660006	0.795724717776373
ENST00000457767.5	SGSM3	0.642543144801565	0.795845719194529
ENST00000406486.8	KIAA1671	0.963747249255567	0.79621847175765
ENST00000466863.1	ADSL	-0.927112855561184	0.79621847175765
ENST00000623075.1	CTA-941F9.10	0.186833761987173	0.79621847175765
ENST00000469947.5	SH3BP1	1.24105497660437	0.797378360616086
ENST00000443669.5	YWHAH	-0.648080464246258	0.80029057507523
ENST00000396512.3	ACO2	-1.81703757927631	0.80029057507523
ENST00000313237.9	PHF21B	-1.25109765389086	0.802709629718306
ENST00000481902.5	L3MBTL2	-1.77178581841605	0.80345599843702
ENST00000263121.11	SMARCB1	-0.252152280500807	0.807147828174836
ENST00000463741.1	SREBF2	0.461599580320352	0.807147828174836
ENST00000422086.5	TUBA3FP	0.392258631232585	0.807634310070594
ENST00000610778.1	LL22NC03-2H8.5	0.886017653997067	0.808192898950447
ENST00000444039.1	XXbac-B135H6.15	-0.753482832396922	0.810848312178669
ENST00000404603.5	SNRPD3	0.955984500239255	0.810848312178669
ENST00000455824.1	ST13	0.140448918846109	0.810848312178669
ENST00000406477.7	PARVB	1.01757643804506	0.810848312178669
ENST00000395681.5	TYMP	-0.575692672562944	0.810848312178669
ENST00000330232.8	CECR1	-0.930314025656316	0.811262006034596
ENST00000431312.2	DDX17	-1.75610104866989	0.811262006034596
ENST00000623440.1	CTA-414D7.1	0.235727625059962	0.811262006034596
ENST00000406733.1	TBC1D22A	-0.94863939459565	0.811716296886874
ENST00000609596.1	CECR7	-0.275776297162812	0.813483236756151
ENST00000472073.1	DGCR14	0.84731337763153	0.813483236756151
ENST00000477564.5	SERHL2	-1.2129498147913	0.813483236756151
ENST00000292733.11	MED15	0.917619468739686	0.813870703187553
ENST00000323205.10	GCAT	0.59056574687179	0.815000309610508
ENST00000457179.5	TOP3B	-1.19141047647896	0.818281281994597
ENST00000609017.1	RP3-412A9.16	-0.504832123580344	0.818281281994597
ENST00000406622.5	SUN2	-0.915039837620337	0.818281281994597
ENST00000399562.8	C22orf39	-0.122721569956127	0.818475275583743
ENST00000406799.1	SERPIND1	1.24938563631736	0.818475275583743
ENST00000344347.5	XBP1	1.26969665416514	0.818475275583743
ENST00000484235.1	SMDT1	-0.53234717670446	0.818475275583743
ENST00000463886.1	DESI1	0.529147743018073	0.820947984595867
ENST00000216029.7	CBY1	0.499276369697451	0.82188917873848
ENST00000626650.2	ZNF280B	0.161107841683321	0.824219355612527
ENST00000623740.1	RP5-898I4.1	0.558871081020388	0.824867056197884
ENST00000404583.5	CDPF1	-0.572327696523576	0.82868414334504
ENST00000491612.1	TRMU	-0.20539486974515	0.829456308789671
ENST00000417194.5	AP000347.2	0.341830945667666	0.830631513656301
ENST00000402034.6	SEC14L6	-0.568101784619527	0.830631513656301
ENST00000611699.1	NOL12	0.826678135752298	0.830631513656301
ENST00000470814.1	SEPT5	0.454713050406475	0.831885486905557
ENST00000400242.7	DEPDC5	1.08056051998711	0.831885486905557
ENST00000485648.5	PMM1	-1.10088471161825	0.831885486905557
ENST00000400206.6	CSNK1E	1.13370398848413	0.833944643163249
ENST00000462332.1	GTPBP1	0.427943598658362	0.834659622003148
ENST00000319363.10	IL17RA	0.533138291206997	0.836588972253374
ENST00000402105.7	HPS4	-1.55022412259946	0.836588972253374
ENST00000349314.6	APOL3	-1.08168321411351	0.836588972253374
ENST00000491939.5	TXNRD2	0.77880968667016	0.839644610811522
ENST00000318801.8	SYNGR1	0.560263517731603	0.839644610811522
ENST00000629843.2	PHF21B	0.752833104879776	0.839644610811522
ENST00000403892.7	TST	0.375998890031468	0.840958944647983
ENST00000463909.1	LZTR1	0.182592070921546	0.841953305762397
ENST00000475187.5	THOC5	0.565653846887491	0.843338867174704
ENST00000395593.7	RABL2B	-0.782305828907622	0.843338867174704
ENST00000475238.1	CPT1B	0.667869917443446	0.847281946178706
ENST00000443490.5	MIRLET7BHG	-0.695677125307705	0.851604221775596
ENST00000619742.4	PI4KAP1	0.772921769601684	0.852266441466802
ENST00000482956.5	CRELD2	-1.4286662447249	0.852966576965646
ENST00000399765.5	BID	0.745046876202141	0.855104540631668
ENST00000397500.5	PISD	1.45339511495592	0.855104540631668
ENST00000476940.1	TANGO2	0.959860617118662	0.855716031765002
ENST00000405847.5	SLC2A11	0.357604593740378	0.855716031765002
ENST00000461809.5	SLC2A11	0.92885214742841	0.855716031765002
ENST00000460524.5	LRRC75B	-1.01153663188458	0.855716031765002
ENST00000334018.10	EMID1	-1.38538440015412	0.855716031765002
ENST00000412331.6	EIF3L	0.989343721546674	0.855716031765002
ENST00000467617.1	RBX1	-0.229325522063961	0.855716031765002
ENST00000487668.5	TRMT2A	0.695342143846989	0.855741076939788
ENST00000358431.7	KIAA1671	-0.762485877729365	0.855741076939788
ENST00000437155.6	EWSR1	1.41139834070898	0.855741076939788
ENST00000407029.5	MKL1	0.982154464507521	0.855741076939788
ENST00000431090.1	AC000068.5	0.340997457531974	0.856346695327053
ENST00000355143.8	MTFP1	0.993169200695322	0.856967196410997
ENST00000405309.7	PATZ1	0.456435484645837	0.856967196410997
ENST00000381683.10	EIF3L	0.937591636969446	0.856967196410997
ENST00000355630.7	MKL1	0.488249793754328	0.856967196410997
ENST00000452794.5	PLA2G6	0.459111301232774	0.857827143564186
ENST00000403682.7	ZNF74	1.36896386793365	0.858139865684699
ENST00000329627.11	PEX26	0.0809210877005245	0.858311413250653
ENST00000460402.5	GNB1L	0.886460106271682	0.864321925830614
ENST00000462560.6	PI4KAP2	1.34278679714845	0.86456858782727
ENST00000460605.1	GTPBP1	-0.694474713971649	0.86456858782727
ENST00000616432.4	GAS2L1	1.3193547829016	0.865177142546144
ENST00000489453.1	CHKB	-0.400509974048277	0.866723117384282
ENST00000471374.1	YWHAH	-0.723234389179047	0.868990798213016
ENST00000521091.6	TUG1	1.28354667024365	0.86930096814879
ENST00000470741.1	CYB5R3	-0.186794092959959	0.869659256446652
ENST00000484373.5	TANGO2	-0.266274177500411	0.870064459273349
ENST00000498406.1	THAP7	0.304910172865172	0.870064459273349
ENST00000215770.5	DDTL	0.294784276288993	0.870064459273349
ENST00000566220.1	TUG1	0.358093620060931	0.870064459273349
ENST00000403305.5	C22orf23	0.461319077184294	0.870064459273349
ENST00000475485.6	PARVG	-0.67553969372637	0.870064459273349
ENST00000456048.5	TANGO2	0.72166771352677	0.871206737130093
ENST00000476579.1	APOL2	-0.649089271022677	0.873184344655392
ENST00000252115.9	POLDIP3	0.0471309535432868	0.873759226761884
ENST00000491604.5	PRODH	-0.432932886820268	0.874853277670861
ENST00000403184.5	COMT	0.197926000546262	0.874879591771762
ENST00000415709.5	CRYBB2P1	-0.279291388246651	0.874979884729951
ENST00000565764.1	CTA-445C9.14	0.58621637332918	0.874979884729951
ENST00000335272.9	PITPNB	0.424976768544821	0.874979884729951
ENST00000495977.1	HSCB	0.410852468484321	0.874979884729951
ENST00000338758.11	PARVB	-0.067553505294784	0.874979884729951
ENST00000477157.5	CECR5	-0.198936196195542	0.875821311207657
ENST00000356244.7	RANGAP1	0.0466472188500747	0.876708746080064
ENST00000428855.5	GGT1	-0.584387216706978	0.877738268402416
ENST00000401461.5	RGL4	-0.491824026599893	0.88183799568581
ENST00000216185.6	TXN2	0.478669033122837	0.882601633529111
ENST00000482969.5	MAPK12	-0.405333269030797	0.882681507505201
ENST00000540643.5	SFI1	-0.611148751584223	0.883925734083811
ENST00000608548.1	DGCR2	1.15927433631627	0.884231838687731
ENST00000497960.5	NUP50	-0.245861603175641	0.885760358741979
ENST00000617243.4	PI4KAP1	0.381687723964743	0.88619256701785
ENST00000397224.8	FOXRED2	-0.109891837974922	0.88619256701785
ENST00000475975.5	CCDC157	0.221855624195674	0.888504644648425
ENST00000465618.5	RPL3	-0.437347959578883	0.888742315130521
ENST00000463165.1	PLXNB2	-0.228063891270386	0.891885243756612
ENST00000423262.5	KIAA0930	0.82577417153414	0.892487085459411
ENST00000612341.4	SMTN	-1.07550839836738	0.893390073405077
ENST00000476577.5	SFI1	0.246542249559763	0.895075646170538
ENST00000494730.2	KIAA1671	-0.282869841965207	0.897283496316253
ENST00000451256.6	APOL2	-0.552792243461333	0.900568522758219
ENST00000483713.5	POLR2F	0.553312274476108	0.900568522758219
ENST00000441162.5	TBC1D22A	0.311690298262092	0.900568522758219
ENST00000400525.5	TXNRD2	0.546138470769035	0.901196096078019
ENST00000498171.5	DGCR8	0.111269629586917	0.901196096078019
ENST00000468917.1	TRMT2A	0.339908402220924	0.901196096078019
ENST00000477245.5	PI4KA	-0.262249847154271	0.901196096078019
ENST00000490458.1	SNAP29	-0.394045918059354	0.901196096078019
ENST00000335025.12	PPIL2	-0.366308601053794	0.901196096078019
ENST00000404056.1	DERL3	0.373715379386116	0.901196096078019
ENST00000489322.5	SLC2A11	-0.736827086541882	0.901196096078019
ENST00000358654.2	SPECC1L-ADORA2A	-0.739290030192096	0.901196096078019
ENST00000623980.1	CTA-243E7.1	0.395454202774807	0.901196096078019
ENST00000400335.8	KREMEN1	-0.070023136518417	0.901196096078019
ENST00000492821.1	ASCC2	0.336728759949129	0.901196096078019
ENST00000602393.1	TUG1	0.0914663529046125	0.901196096078019
ENST00000397523.5	EIF4ENIF1	-1.03874461589439	0.901196096078019
ENST00000416967.1	TXN2	-0.370496121222968	0.901196096078019
ENST00000439997.5	EIF3L	1.02077198326593	0.901196096078019
ENST00000427494.6	APOBEC3D	1.02077198326593	0.901196096078019
ENST00000484358.1	RPL3	0.482786591496212	0.901196096078019
ENST00000433117.6	MIEF1	0.366881278885866	0.901196096078019
ENST00000428799.1	XPNPEP3	0.518639460145783	0.901196096078019
ENST00000476110.1	RBX1	0.356996470263686	0.901196096078019
ENST00000365188.1	RN7SKP80	-0.0868083078245356	0.901196096078019
ENST00000407381.7	TBC1D22A	0.537111644954174	0.901196096078019
ENST00000404034.5	BRD1	-0.373284725143063	0.901196096078019
ENST00000453344.6	ARSA	1.01728302241553	0.901196096078019
ENST00000496385.5	HPS4	-0.502830888402323	0.901692551832607
ENST00000612582.1	CECR2	-0.0806991085830241	0.90403416565976
ENST00000462927.5	CYTH4	-0.68754014756394	0.90403416565976
ENST00000216124.9	ARSA	0.962519232472579	0.90403416565976
ENST00000358321.3	SUSD2	-0.301411453046326	0.906468627470145
ENST00000463617.5	PMM1	0.40749547630557	0.906468627470145
ENST00000494795.1	SAMM50	0.257233252136602	0.906468627470145
ENST00000464678.5	RABL2B	-0.434084652943972	0.906468627470145
ENST00000449424.5	TMEM191C	-0.262360865307827	0.906493262322063
ENST00000355257.7	NHP2L1	0.064087819531067	0.909332945404032
ENST00000623756.1	GGT5	-0.385790358212611	0.912587360256601
ENST00000491910.5	LRRC75B	-0.439484387756586	0.912587360256601
ENST00000216187.10	FOXRED2	0.895088107659821	0.912587360256601
ENST00000402966.1	C22orf46	0.0661926584549994	0.91376361842185
ENST00000400561.6	MICAL3	-0.878498932189445	0.914981177270602
ENST00000456035.1	AC004471.9	-0.254601255472286	0.920501056287189
ENST00000611540.4	ZNF74	0.450700705493506	0.920501056287189
ENST00000402844.7	SLC25A17	0.233535884348366	0.920501056287189
ENST00000428575.6	XRCC6	-0.842939826766175	0.920501056287189
ENST00000359486.7	TCF20	-0.0713224607375019	0.920501056287189
ENST00000359337.8	PLXNB2	0.145197379160168	0.920501056287189
ENST00000451283.5	SLC25A1	0.596302632484863	0.921649615833309
ENST00000397495.8	PPM1F	0.400040921247198	0.921649615833309
ENST00000467937.1	CABIN1	-0.444988915449174	0.921649615833309
ENST00000397641.7	MORC2	0.071354765451574	0.921649615833309
ENST00000471384.5	RNF185	-0.605576995460428	0.921649615833309
ENST00000436210.1	NDUFA9P1	0.256433343208999	0.921649615833309
ENST00000479180.1	FAM118A	0.53726015565547	0.921649615833309
ENST00000399774.7	BID	0.795831289757069	0.924011143985582
ENST00000457572.5	TRMU	-0.581678729522038	0.924011143985582
ENST00000454996.5	TTC28-AS1	-0.539309355718385	0.924701124564183
ENST00000480451.1	CECR5	-0.21362057008027	0.926010827445538
ENST00000400289.5	SFI1	-0.423475015346774	0.926010827445538
ENST00000618076.3	ADORA2A	0.775688200859388	0.926660318672507
ENST00000439169.2	TRMT2A	-0.760364669732941	0.927831286597188
ENST00000340552.4	LIMK2	-0.402104286161904	0.927831286597188
ENST00000492535.1	FBXO7	-0.0633719804809351	0.927831286597188
ENST00000624344.1	RP5-1039K5.12	0.112718674158712	0.927831286597188
ENST00000402527.5	RPL3	-0.378881862548631	0.927831286597188
ENST00000610593.4	CYP2D7	0.311337905285924	0.927831286597188
ENST00000407472.5	C22orf29	0.542126955147561	0.928505669397439
ENST00000476998.5	ATXN10	-0.536692125673329	0.928505669397439
ENST00000216061.9	PPP6R2	-0.281804569828941	0.928505669397439
ENST00000494097.5	BID	-0.262805259022289	0.92937027887843
ENST00000481357.1	TFIP11	-0.507719860733538	0.92937027887843
ENST00000407817.3	TCN2	-0.254208370632263	0.92937027887843
ENST00000461510.1	LZTR1	0.248946826487928	0.933652602120241
ENST00000624908.1	BCRP2	0.222155060642102	0.933652602120241
ENST00000397223.4	FOXRED2	-0.353446757042134	0.933652602120241
ENST00000454936.5	HDAC10	0.689367433336102	0.933652602120241
ENST00000471259.1	MRPL40	0.238407901927567	0.935244978186383
ENST00000492581.5	PI4KA	-0.0945935974377885	0.935244978186383
ENST00000485559.1	TRMU	-0.101815424186761	0.935244978186383
ENST00000628442.1	AC006547.13	0.217822571639268	0.935979921418887
ENST00000443089.5	THOC5	0.33537943043253	0.936814809083673
ENST00000359540.7	BCR	0.0454534497856786	0.938373693371273
ENST00000326341.8	ADORA2A-AS1	-0.444157568209938	0.938373693371273
ENST00000407019.6	NUP50	-0.65158729738507	0.938373693371273
ENST00000470046.1	PPP6R2	-0.10933262572234	0.938373693371273
ENST00000438329.5	NOL12	-0.639298923302518	0.9393130001512
ENST00000610245.1	CITF22-1A6.3	0.240518082060574	0.940071269189027
ENST00000609162.1	CTA-228A9.3	-0.111430859820506	0.940379097311089
ENST00000464225.5	CHKB	0.294497550582664	0.940379097311089
ENST00000564696.1	RP3-388M5.9	-0.231165283286326	0.940619970090781
ENST00000263205.11	MED15	-0.163414325235844	0.941233807245356
ENST00000488883.5	SFI1	-0.18292988857828	0.944090945831857
ENST00000366425.3	GP1BB	-0.438256630644737	0.945107581022946
ENST00000215798.10	RNF215	0.19310909061584	0.945107581022946
ENST00000623888.1	CTA-243E7.4	0.290486836268391	0.946765110438179
ENST00000462457.1	SGSM3	0.572743152358029	0.946973880867305
ENST00000492556.5	CHKB-CPT1B	-0.418612712330029	0.947271322821438
ENST00000397873.6	THOC5	-0.0960254297715986	0.948583819742027
ENST00000432789.1	POLR3H	-0.378943797001729	0.951545490734719
ENST00000405640.1	C22orf29	-0.403261636507658	0.952783466127489
ENST00000496652.5	RPL23AP82	-0.133412716450988	0.952783466127489
ENST00000401672.7	PPP6R2	0.529975953789339	0.95283085054828
ENST00000475445.1	GGA1	-0.0792954774832816	0.953160628976272
ENST00000475414.1	PI4KA	0.174773269068567	0.954399408875208
ENST00000416721.6	RBFOX2	0.266990237614658	0.954399408875208
ENST00000319136.8	APOL1	0.516414977413588	0.954399408875208
ENST00000465063.5	RABL2B	-0.193808475627529	0.954399408875208
ENST00000618794.4	PI4KAP1	0.34198997991178	0.954974136681293
ENST00000400521.5	TXNRD2	-0.481183053142714	0.954974136681293
ENST00000486575.1	RANBP1	0.0940656878424746	0.954974136681293
ENST00000444093.1	KB-318B8.7	-0.128979273626204	0.954974136681293
ENST00000407471.7	GUCD1	-0.458966480833233	0.954974136681293
ENST00000467596.5	TBC1D10A	-0.339698608009983	0.954974136681293
ENST00000435900.5	PISD	0.459353749657492	0.954974136681293
ENST00000397225.2	MPST	0.171497777942838	0.954974136681293
ENST00000407936.5	POLR2F	0.18345935332507	0.954974136681293
ENST00000430335.1	CSNK1E	-0.163747329785094	0.954974136681293
ENST00000249116.6	APOBEC3A	-0.165802814301564	0.954974136681293
ENST00000403744.7	PACSIN2	-0.344830768434347	0.954974136681293
ENST00000422871.5	PARVG	0.234374957720362	0.954974136681293
ENST00000421538.1	LINC00899	-0.22371300251802	0.954974136681293
ENST00000449103.5	PLXNB2	0.204060615752171	0.954974136681293
ENST00000407373.5	OSBP2	-0.449311861328778	0.955964591982808
ENST00000325660.3	ZNRF3-AS1	-0.0997935327877528	0.955971648510919
ENST00000489337.5	SMTN	-0.168261791855103	0.955971648510919
ENST00000453634.5	CHKB-CPT1B	-0.233915403515827	0.955971648510919
ENST00000487378.1	TRMT2A	-0.20759349473643	0.957878002852564
ENST00000442379.1	PISD	-0.155930020289322	0.957878002852564
ENST00000436674.5	TMEM184B	0.42273651209921	0.957878002852564
ENST00000484711.1	TTLL12	-0.110019426739113	0.957878002852564
ENST00000491449.5	TUBGCP6	0.0858308304513076	0.957878002852564
ENST00000317582.9	BCL2L13	-0.213214279488123	0.957994528068501
ENST00000442555.5	THOC5	0.2006379906502	0.957994528068501
ENST00000470518.5	SGSM3	0.272534663993627	0.957994528068501
ENST00000482178.5	PMM1	-0.274656798965991	0.957994528068501
ENST00000290846.8	TRMU	0.295811035075226	0.957994528068501
ENST00000492791.1	ALG12	0.126860168109295	0.957994528068501
ENST00000436990.2	BCR	-0.0850266781864998	0.959309055266347
ENST00000626012.2	HDAC10	0.385380041947977	0.959897689962685
ENST00000465842.1	CHKB	0.0795730466533015	0.961111667642001
ENST00000412544.5	SEPT5	-0.354794832972648	0.962479028199191
ENST00000624350.1	CH17-264L24.1	-0.046920922820359	0.962479028199191
ENST00000631502.1	CTA-286B10.8	-0.0875707903484742	0.962479028199191
ENST00000624234.3	EIF3L	-0.0471816109942668	0.962479028199191
ENST00000334678.7	RPS19BP1	0.0195528878424045	0.962479028199191
ENST00000407623.7	CYB5R3	-0.173247304694283	0.962479028199191
ENST00000475965.1	HDAC10	0.0835943742716265	0.962479028199191
ENST00000413505.1	RABL2B	0.137631125387226	0.962479028199191
ENST00000327374.8	TANGO2	-0.25335753234704	0.96255714750371
ENST00000619852.2	ZNF280B	0.238143031662505	0.962813318096234
ENST00000433028.6	CHEK2	0.0996570849311236	0.962813318096234
ENST00000404569.5	MIEF1	0.32440870221366	0.962813318096234
ENST00000411695.1	ST13	0.327610744072042	0.962813318096234
ENST00000610984.4	PLXNB2	0.326630749762841	0.962813318096234
ENST00000416699.5	RRP7A	0.226219807216749	0.962906172151535
ENST00000609958.1	DGCR11	-0.0519760402529231	0.96647320565085
ENST00000425895.5	GGT1	-0.11496081781973	0.96647320565085
ENST00000487671.1	EIF4ENIF1	0.276391117740189	0.970267847247539
ENST00000348657.6	POLDIP3	-0.0396181618572371	0.974055205269863
ENST00000623652.1	PPM1F	0.0414412255982098	0.974331486939316
ENST00000478085.5	SGSM3	-0.0426944219607038	0.974331486939316
ENST00000619483.4	SEC14L2	0.0791320602753363	0.974476070711391
ENST00000491973.1	SFI1	0.0787310328453617	0.974476070711391
ENST00000399837.6	CECR1	-0.168208732297302	0.976902927839946
ENST00000248901.10	CYTH4	-0.112120929531728	0.976902927839946
ENST00000262607.3	CECR1	0.108305157122754	0.977270155504672
ENST00000467943.5	COMT	0.101681398440617	0.977270155504672
ENST00000415817.1	LZTR1	0.0781741651921826	0.977270155504672
ENST00000626352.2	PPIL2	-0.204947626787564	0.977270155504672
ENST00000444207.1	FBXO7	0.0599079048438251	0.977270155504672
ENST00000624793.1	PPARA	-0.0442813832625977	0.977270155504672
ENST00000453630.5	TRMU	-0.201893419045544	0.977270155504672
ENST00000337137.8	TBC1D22A	-0.0284138090539925	0.978354157865933
ENST00000623490.1	CTA-212A2.2	0.0609619935432498	0.978419896612116
ENST00000418510.1	YES1P1	-0.0423297194119166	0.978993173902422
ENST00000624923.1	KB-1125A3.12	0.0331159801360864	0.982488546065971
ENST00000480895.1	LZTR1	-0.153373441350985	0.983622867967686
ENST00000485618.1	SF3A1	-0.0773682809747618	0.983622867967686
ENST00000425986.1	RTN4R	-0.14114574963637	0.985295265666597
ENST00000329021.9	NFAM1	-0.0233393332133675	0.98572838845323
ENST00000405340.6	SLC2A11	0.0770059438515302	0.989555152727363
ENST00000608642.5	LARGE	-0.0273824602772027	0.989555152727363
ENST00000495107.1	SFI1	-0.0211344671193367	0.992114850584805
ENST00000441006.5	CECR7	-0.0137148777358101	0.993002670363439
ENST00000493734.5	ZNF74	0.0155707855500843	0.993002670363439
ENST00000290765.8	GSTT2B	-0.0134929858109786	0.993002670363439
ENST00000382734.9	CRYBB2P1	0.00865717789611406	0.993002670363439
ENST00000434868.1	LINC01422	-0.0194192718568394	0.993002670363439
ENST00000326132.10	RNF185	-0.00663274092589358	0.993002670363439
ENST00000433147.1	DEPDC5	0.0888031727649429	0.993002670363439
ENST00000403230.1	DDX17	0.0591271106794598	0.993002670363439
ENST00000435169.1	UQCRFS1P1	0.0192150342732833	0.993002670363439
ENST00000340923.9	FBLN1	0.0329454045364917	0.993002670363439
ENST00000624617.1	RP11-494O16.4	-0.0162120344162356	0.99556265939548
ENST00000427407.5	DGCR6	-0.0251823472757203	0.996077035723584
ENST00000407537.5	COMT	0.0252531396978942	0.996077035723584
ENST00000480339.1	TRMT2A	0.0220770539291012	0.996077035723584
ENST00000397906.6	TTC28	0.00173041148824746	0.996077035723584
ENST00000455915.6	RANGAP1	0.00274880297808084	0.99719422378894
ENST00000602404.5	NDUFA6	-0.00109188608655914	0.997593480739952
ENST00000607927.1	XXbac-B476C20.9	0.00061555191989806	0.99976234634081
ENST00000431534.5	POLR3H	-0.000613948991166791	0.99976234634081
